Date,Sample ID,Site,Stratum,Shell treatment,Collection type,Water/Sed  Temp,pH temp,Salinity,pH,DIC ,Field Alkalinity,Lab Alkalinity,Alkalinity,,pH (DIC/Alk),pCO2 (DIC/Alk),Omega_Ar (DIC/Alk),pH (pH/Alk),pCO2 (pH/Alk),Omega_Ar (pH/Alk),pH (pH/DIC),pCO2 (pH/DIC),Omega_Ar (pH/DIC),Bad data,Note,pH,pCO2,Omega Ar,
5/22/22,,East Dennis,Bottom water,outside cage,outside cage,23.6,22.5,32.19,7.717,1961.64,,2196.42,2196.42,,7.972,480.4,2.81,7.700,986.7,1.65,7.700,930.6,1.56,,,,,,
6/17/22,,East Dennis,Bottom water,monitoring,monitoring,18.7,20.2,32.31,7.987,1977.58,,2109.71,2109.71,,7.822,686.8,1.68,8.011,417.0,2.43,8.011,434.2,2.53,,,,,,
6/28/22,,East Dennis,Bottom water,outside cage,outside cage,18.6,18.3,30.57,7.627,2304.90,,2341.01,2341.01,,7.547,1543.4,1.02,7.623,1279.1,1.19,7.623,1293.0,1.21,y,,,,,
7/18/22,142,East Dennis,Bottom water,monitoring,monitoring,24.9,28.9,31.91,7.864,1939.29,,1995.5,1995.50,,7.520,1413.7,1.08,7.925,493.8,2.44,7.925,534.9,2.64,,,,,,
8/4/22,1,East Dennis,Bottom water,outside cage,outside cage,24.9,23.0,33.03,8.096,1891.26,,2068.56,2068.56,,7.837,645.0,2.17,8.066,341.9,3.31,8.066,363.7,3.52,,,,,,
8/14/22,823,East Dennis,Bottom water,monitoring,monitoring,20.0,20.7,30.08,7.986,2060.66,2179.30,,2179.30,,7.786,793.9,1.64,7.997,455.7,2.48,7.997,475.7,2.59,,,,,,
8/28/22,,East Dennis,Bottom water,outside cage,outside cage,22.6,22.4,32.39,8.097,2281.40,,2500.34,2500.34,,7.912,645.3,2.78,8.094,391.1,3.88,8.094,409.8,4.07,,,,,,
6/17/22,,Eel Pond,Bottom water,monitoring,monitoring,21.3,21.5,31.40,7.763,1977.99,,2015.37,2015.37,,7.511,1453.6,0.92,7.766,765.4,1.56,7.766,798.0,1.63,,,,,,
6/30/22,,Eel Pond,Bottom water,monitoring,monitoring,23.0,13.8,32.06,7.996,1928.42,,2048.83,2048.83,,7.735,839.9,1.61,7.852,618.7,2.04,7.852,633.7,2.08,,,,,,
7/15/22,126,Eel Pond,Bottom water,monitoring,monitoring,25.5,28.2,31.42,7.848,1825.44,,1895.46,1895.46,,7.568,1195.4,1.15,7.889,517.9,2.19,7.889,552.4,2.34,,,,,,
8/1/22,1,Eel Pond,Bottom water,outside cage,outside cage,25.6,23.5,32.76,7.832,1925.31,,2005.85,2005.85,,7.578,1225.2,1.28,7.800,688.9,2.01,7.800,719.3,2.09,,,,,,
8/15/22,831,Eel Pond,Bottom water,monitoring,monitoring,23.9,27.9,32.80,7.814,1918.44,2038.30,,2038.30,,7.713,881.0,1.61,7.875,575.7,2.21,7.875,595.5,2.29,,,,,,
8/30/22,,Eel Pond,Bottom water,outside cage,outside cage,25.0,28.4,32.81,7.752,1909.12,,1993.23,1993.23,,7.597,1157.4,1.29,7.803,680.3,1.96,7.803,707.9,2.04,,,,,,
10/12/22,204,Eel Pond,Bottom water,outside cage,outside cage,15.4,16.1,31.56,7.845,1842.06,2000.12,,2000.12,,7.964,448.5,1.84,7.856,595.1,1.48,7.856,582.6,1.45,,,,,,
10/24/22,215,Eel Pond,Bottom water,monitoring,monitoring,16.1,16.4,31.75,7.925,1884.68,2032.84,,2032.84,,7.921,511.1,1.77,7.930,499.5,1.80,7.930,500.4,1.80,,,,,,
11/6/22,268,Eel Pond,Bottom water,monitoring,monitoring,17.3,18.4,32.29,7.932,1861.24,1974.02,,1974.02,,7.804,670.6,1.43,7.949,459.2,1.91,7.949,472.7,1.97,,,,,,
11/28/22,288,Eel Pond,Bottom water,outside cage,outside cage,9.2,13.9,32.36,7.914,1952.11,2040.97,,2040.97,,7.849,598.7,1.18,7.989,418.3,1.57,7.989,428.6,1.61,,,,,,
12/5/22,318,Eel Pond,Bottom water,monitoring,monitoring,8.1,7.6,31.28,8.022,1991.08,2097.77,,2097.77,,7.930,501.5,1.34,8.014,404.5,1.59,8.014,410.4,1.61,,,,,,
1/20/23,343,Eel Pond,Bottom water,monitoring,monitoring,4.5,7.1,29.80,8.010,1893.92,1946.97,,1946.97,,7.832,583.8,0.85,8.053,334.9,1.34,8.053,346.4,1.39,,,,,,
2/24/23,390,Eel Pond,Bottom water,monitoring,monitoring,5.0,11.9,30.20,7.960,1983.78,1970.17,,1970.17,,7.555,1160.5,0.48,8.073,322.2,1.46,8.073,346.7,1.57,,,,,,
3/23/23,423,Eel Pond,Bottom water,monitoring,monitoring,7.6,18.8,29.51,7.888,1945.26,2061.87,,2061.87,,7.994,422.3,1.42,8.067,349.4,1.65,8.067,354.0,1.67,,,,,,
4/19/23,441,Eel Pond,Bottom water,monitoring,monitoring,12.7,15.1,31.50,7.926,1990.89,2204.25,,2204.25,,8.110,334.9,2.42,7.964,492.6,1.82,7.964,477.6,1.77,,,,,,
5/8/23,465,Eel Pond,Bottom water,monitoring,monitoring,15.2,22.7,30.59,7.848,1886.24,2176.99,,2176.99,,8.236,234.7,3.26,7.965,492.0,1.96,7.965,460.7,1.83,,,,,,
6/9/23,,Eel Pond,Bottom water,monitoring,No Shell,18.5,18.7,30.93,7.763,1908.01,2103.83,,2103.83,,8.000,433.4,2.31,7.766,798.5,1.45,7.766,762.1,1.38,,,,,,
,,,,,,,,,,,,,,,,,,,,,,,,,,,,,
5/21/22,,Provincetown,Bottom water,outside cage,outside cage,19.0,22.4,31.82,7.701,1942.40,,2142.10,2142.10,,7.983,457.9,2.35,7.751,840.3,1.48,7.751,802.1,1.42,,,,,,
6/15/22,,Provincetown,Bottom water,monitoring,monitoring,18.6,19.1,32.57,8.038,2428.93,,2166.40,2166.40,NBS scale,6.807,8215.2,0.19,8.045,547.4,2.09,8.045,667.2,2.55,y,,,,,
7/1/22,,Provincetown,Bottom water,outside cage,outside cage,21.7,11.1,32.67,8.174,1932.26,,2141.00,2141.00,,7.950,496.3,2.47,8.003,429.8,2.72,8.002,435.7,2.76,,,,,,
7/14/22,116,Provincetown,Bottom water,monitoring,monitoring,21.7,23.1,32.95,7.914,2020.98,,2153.90,2153.90,,7.767,809.4,1.74,7.936,518.0,2.43,7.936,537.0,2.52,,,,,,
8/3/22,1,Provincetown,Bottom water,outside cage,outside cage,24.5,10.5,32.82,8.155,1971.36,,2125.05,2125.05,,7.782,768.2,1.97,7.931,515.4,2.62,7.930,533.8,2.71,,,,,,
8/14/22,812,Provincetown,Bottom water,monitoring,monitoring,16.6,20.9,32.99,7.750,2173.42,2262.10,,2262.10,,7.712,967.9,1.34,7.815,744.9,1.66,7.815,757.9,1.69,,,,,,
8/29/22,,Provincetown,Bottom water,outside cage,outside cage,20.7,20.7,32.55,7.858,2110.17,,2134.11,2134.11,NBS scale,7.462,1723.0,0.87,7.858,888.3,1.52,7.858,926.2,1.59,,,,,,
10/11/22,,Provincetown,Bottom water,outside cage,outside cage,12.3,17.2,32.97,7.541,2255.01,2064.99,,2064.99,,6.972,5099.2,0.20,7.610,1115.2,0.82,7.610,1238.2,0.91,y,,,,,
10/25/22,224,Provincetown,Bottom water,monitoring,monitoring,16.4,16.9,32.77,8.250,1866.01,2104.23,,2104.23,,8.100,325.2,2.65,8.258,207.4,3.50,8.258,217.4,3.67,,,,,,
11/4/22,254,Provincetown,Bottom water,monitoring,monitoring,16.9,17.6,32.35,8.103,1944.43,2217.34,,2217.34,,8.146,303.0,3.08,8.114,330.7,2.91,8.114,327.9,2.88,,,,,,
11/29/22,287,Provincetown,Bottom water,outside cage,outside cage,8.4,6.6,33.31,8.103,2042.20,2113.59,,2113.59,,7.789,713.9,1.06,8.073,345.3,1.89,8.073,363.0,1.98,,,,,,
12/4/22,309,Provincetown,Bottom water,monitoring,monitoring,8.2,4.2,31.91,8.397,1999.39,2216.85,,2216.85,,8.186,270.2,2.40,8.327,183.1,3.11,8.327,190.0,3.22,,,,,,
1/21/23,352,Provincetown,Bottom water,monitoring,monitoring,4.4,5.8,32.32,7.868,2628.56,2839.09,,2839.09,,8.156,370.5,2.54,7.891,729.6,1.47,7.891,698.8,1.41,y,Bottle mix up. Bad outside cage data. Replace with inside cage data. ,,,,
1/21/23,,Provincetown,Bottom water,monitoring,No Shell,4.7,4.9,32.30,8.143,2029.79,2215.72,,2215.72,,8.171,276.7,2.05,8.146,295.3,1.95,8.146,293.8,1.94,,,,,,
2/21/23,371,Provincetown,Bottom water,monitoring,monitoring,4.5,7.5,30.99,8.115,1950.43,2194.62,,2194.62,,8.321,184.5,2.62,8.166,279.9,1.95,8.166,270.3,1.88,,,,,,
3/20/23,399,Provincetown,Bottom water,monitoring,monitoring,6.4,14.1,31.79,8.036,2023.66,2242.16,,2242.16,,8.217,250.3,2.40,8.164,288.8,2.16,8.164,285.4,2.14,,,,,,
4/17/23,432,Provincetown,Bottom water,monitoring,monitoring,12.5,13.9,31.40,8.040,1942.52,2184.79,,2184.79,,8.177,276.4,2.70,8.063,376.6,2.18,8.063,366.5,2.12,,,,,,
5/10/23,479,Provincetown,Bottom water,monitoring,monitoring,14.4,19.2,31.68,8.104,1864.78,2314.44,,2314.44,,8.459,128.5,4.96,8.182,288.5,3.12,8.182,263.8,2.85,,,,,,
6/11/23,,Provincetown,Bottom water,monitoring,No Shell,17.9,21.8,30.85,8.260,1734.01,2142.59,,2142.59,,8.388,145.8,4.52,8.324,176.9,4.09,8.324,172.8,3.99,,,,,,
,,,,,,,,,,,,,,,,,,,,,,,,,,,,,
5/22/22,,East Dennis (aquaculture),Bottom water,No Shell,outside cage,23.6,22.5,32.19,7.717,1961.64,,2196.42,2196.42,,7.972,480.4,2.81,7.700,986.7,1.65,7.700,930.6,1.56,,,,,,
6/1/22,,East Dennis (aquaculture),Bottom water,No Shell,No Shell,16.5,16.2,29.72,7.963,2203.16,,2352.76,2352.76,NBS scale,7.907,626.0,1.96,7.959,756.0,1.68,7.959,746.3,1.66,y,,,,,
6/17/22,,East Dennis (aquaculture),Bottom water,No Shell,No Shell,18.9,20.9,32.50,8.014,1992.00,,2134.44,2134.44,,7.841,661.0,1.79,8.046,382.8,2.65,8.046,400.8,2.78,,,,,,
6/28/22,,East Dennis (aquaculture),Bottom water,No Shell,No Shell,18.5,18.1,32.01,7.445,2381.58,,2344.04,2344.04,,7.311,2714.4,0.62,7.440,1989.8,0.82,7.440,2026.3,0.84,,,,,,
07/18/22,135,East Dennis (aquaculture),Bottom water,No Shell,No Shell,23.7,25.8,32.78,8.008,1913.41,,2042.29,2042.29,,7.740,822.8,1.69,8.041,365.3,2.99,8.041,392.6,3.21,,,,,,
8/4/22,3,East Dennis (aquaculture),Bottom water,No Shell,No Shell,24.9,23.3,33.03,8.094,1893.28,,2089.05,2089.05,,7.876,586.9,2.36,8.069,342.7,3.36,8.069,361.5,3.55,,,,,,
08/14/22,824,East Dennis (aquaculture),Bottom water,No Shell,No Shell,26.3,20.8,32.88,7.968,2040.29,2195.2,,2195.20,,7.749,863.7,2.05,7.883,604.1,2.65,7.883,622.8,2.73,,,,,,
8/28/22,,East Dennis (aquaculture),Bottom water,No Shell,No Shell,22.6,22.4,32.39,8.097,2281.40,,2500.34,2500.34,,7.912,645.3,2.78,8.094,391.1,3.88,8.094,409.8,4.07,,,,,,
6/30/22,,Eel Pond,Bottom water,No Shell,No Shell,23.0,12.5,32.06,7.973,1906.98,,2016.70,2016.70,,7.708,885.5,1.50,7.810,680.9,1.84,7.810,694.7,1.88,,,,,,
07/15/22,119,Eel Pond,Bottom water,No Shell,No Shell,25.5,27.9,31.42,7.865,1829.03,,1946.55,1946.55,,7.709,857.3,1.58,7.901,514.5,2.31,7.902,536.6,2.41,,,,,,
8/1/22,3,Eel Pond,Bottom water,No Shell,No Shell,25.6,24.1,32.76,7.822,1930.68,,2005.97,2005.97,,7.562,1276.1,1.24,7.799,690.6,2.00,7.799,722.8,2.10,,,,,,
08/15/22,835,Eel Pond,Bottom water,No Shell,No Shell,23.9,27.4,32.80,7.805,2162.93,2060.5,,2060.50,,7.040,4640.4,0.38,7.858,608.7,2.16,7.858,699.2,2.49,,,,,,
8/30/22,,Eel Pond,Bottom water,No Shell,No Shell,25.0,28.4,32.81,7.753,1905.30,,1974.85,1974.85,,7.553,1281.1,1.17,7.804,672.1,1.94,7.804,704.7,2.04,,,,,,
10/12/22,203,Eel Pond,Bottom water,No Shell,No Shell,15.4,14.6,31.56,7.855,1836.65,1985.93,,1985.93,,7.943,470.6,1.75,7.843,611.2,1.43,7.843,599.4,1.40,,,,,,
10/24/22,218,Eel Pond,Bottom water,No Shell,No Shell,16.1,16.4,31.75,7.952,1916.90,2158.89,,2158.89,,8.117,321.5,2.74,7.957,494.8,2.02,7.957,476.6,1.94,,,,,,
11/06/22,271,Eel Pond,Bottom water,No Shell,No Shell,17.3,18.3,32.29,7.921,1886.40,2070.18,,2070.18,,7.978,446.3,2.13,7.937,498.6,1.96,7.937,494.1,1.94,,,,,,
11/28/22,286,Eel Pond,Bottom water,No Shell,No Shell,9.2,13.9,32.36,7.926,1961.14,2065.78,,2065.78,,7.896,537.8,1.31,8.002,410.3,1.63,8.002,418.1,1.66,,,,,,
12/05/22,318,Eel Pond,Bottom water,No Shell,outside cage,8.1,7.6,31.28,8.022,1991.08,2097.77,,2097.77,,7.930,501.5,1.34,8.014,404.5,1.59,8.014,410.4,1.61,,,,,,
01/20/23,346,Eel Pond,Bottom water,No Shell,No Shell,4.5,7.9,29.80,7.988,1881.19,1998.4,,1998.40,,8.050,346.6,1.37,8.044,351.9,1.35,8.044,351.6,1.35,,,,,,
02/24/23,393,Eel Pond,Bottom water,No Shell,No Shell,5.0,12.2,30.20,7.942,1960.51,1907.95,,1907.95,,7.402,1615.8,0.33,8.059,323.0,1.37,8.060,354.0,1.50,,,,,,
03/23/23,426,Eel Pond,Bottom water,No Shell,No Shell,7.6,18.0,29.51,7.891,1942.97,2075.12,,2075.12,,8.038,379.7,1.57,8.058,360.7,1.63,8.058,362.0,1.64,,,,,,
04/19/23,444,Eel Pond,Bottom water,No Shell,No Shell,12.2,14.4,30.00,7.955,2000.60,2204.25,,2204.25,,8.117,332.4,2.35,7.990,464.6,1.84,7.990,452.6,1.79,,,,,,
5/8/23,468,Eel Pond,Bottom water,No Shell,No Shell,15.2,24.7,30.59,7.781,1951.74,2162.83,,2162.83,,8.082,357.6,2.44,7.927,539.6,1.80,7.927,522.2,1.74,,,,,,
6/9/23,496,Eel Pond,Bottom water,No Shell,No Shell,18.5,18.7,30.93,7.763,1908.01,2103.83,,2103.83,,8.000,433.4,2.31,7.766,798.5,1.45,7.766,762.1,1.38,,,,,,
5/21/22,,Provincetown,Bottom water,No Shell,outside cage,19.0,22.4,31.82,7.701,1942.40,,2142.10,2142.10,,7.983,457.9,2.35,7.751,840.3,1.48,7.751,802.1,1.42,,,,,,
6/2/22,,Provincetown,Bottom water,No Shell,No Shell,16.8,17.6,31.67,8.109,1977.30,,2103.55,2103.55,NBS scale,7.844,647.8,1.61,8.120,434.1,2.18,8.120,447.8,2.24,,,,,,
6/15/22,,Provincetown,Bottom water,No Shell,No Shell,18.1,19.3,32.45,7.692,2803.51,,,,NBS scale,,,,,,,7.706,1714.5,1.36,y,,,,,
7/1/22,,Provincetown,Bottom water,No Shell,No Shell,21.7,13.3,32.67,8.212,1930.57,,2129.27,2129.27,,7.930,520.9,2.36,8.076,348.4,3.10,8.076,362.2,3.21,,,,,,
07/14/22,109,Provincetown,Bottom water,No Shell,No Shell,21.3,22.9,32.29,7.530,2319.24,,2326.05,2326.05,,7.405,2169.3,0.86,7.552,1511.6,1.18,7.552,1544.2,1.20,y,,,,,
8/3/22,3,Provincetown,Bottom water,No Shell,No Shell,24.5,11.5,32.82,8.133,1975.27,,2119.74,2119.74,,7.760,812.2,1.88,7.926,521.5,2.59,7.925,541.8,2.69,,,,,,
08/14/22,813,Provincetown,Bottom water,No Shell,No Shell,16.6,22.2,33.03,7.528,2433.55,2379.3,,2379.30,,7.282,2910.7,0.56,7.607,1325.7,1.13,7.607,1387.7,1.18,y,,,,,
8/29/22,,Provincetown,Bottom water,No Shell,No Shell,20.7,20.7,32.55,7.871,2116.32,,2134.41,2134.41,NBS scale,7.443,1805.5,0.84,7.871,859.3,1.57,7.871,900.6,1.64,,,,,,
10/11/22,208,Provincetown,Bottom water,No Shell,No Shell,12.3,18.2,32.97,7.255,2436.41,2221.36,,2221.36,,6.954,5713.7,0.21,7.326,2381.2,0.48,7.326,2551.6,0.51,y,,,,,
10/25/22,227,Provincetown,Bottom water,No Shell,No Shell,16.4,16.7,32.77,8.195,1897.37,2306.08,,2306.08,,8.353,172.3,4.51,8.200,270.0,3.49,8.200,256.7,3.32,,,,,,
11/04/22,257,Provincetown,Bottom water,No Shell,No Shell,16.9,17.3,32.35,8.164,1912.91,2178.38,,2178.38,,8.138,303.8,2.98,8.171,277.4,3.16,8.171,279.9,3.19,,,,,,
11/29/22,283,Provincetown,Bottom water,No Shell,No Shell,8.4,7.7,33.31,8.080,2027.07,2165.35,,2165.35,,7.984,446.6,1.62,8.068,358.3,1.92,8.068,364.3,1.95,,,,,,
12/04/22,313,Provincetown,Bottom water,No Shell,No Shell,8.6,4.0,31.80,8.319,1982.81,2135.03,,2135.03,,8.039,385.3,1.75,8.240,225.1,2.58,8.240,235.6,2.70,,,,,,
01/21/23,355,Provincetown,Bottom water,No Shell,No Shell,4.7,4.9,32.30,8.143,2029.79,2215.72,,2215.72,,8.171,276.7,2.05,8.146,295.3,1.95,8.146,293.8,1.94,,,,,,
02/21/23,374,Provincetown,Bottom water,No Shell,No Shell,4.6,7.9,31.07,8.177,1974.54,2245.56,,2245.56,,8.362,168.4,2.91,8.234,239.5,2.29,8.233,232.1,2.22,,,,,,
03/20/23,402,Provincetown,Bottom water,No Shell,No Shell,5.9,13.4,31.94,8.133,1998.29,2331.89,,2331.89,,8.424,146.5,3.58,8.260,231.6,2.66,8.259,221.7,2.55,,,,,,
04/17/23,435,Provincetown,Bottom water,No Shell,No Shell,12.3,13.9,31.33,8.050,1941.12,2184.79,,2184.79,,8.184,271.2,2.71,8.076,363.4,2.21,8.076,354.2,2.16,,,,,,
5/10/23,482,Provincetown,Bottom water,No Shell,No Shell,17.3,19.2,31.95,8.140,2361.41,2419.13,,2419.13,,7.614,1333.1,1.18,8.171,309.9,3.56,8.171,346.2,3.98,y,,,,,
6/11/23,500,Provincetown,Bottom water,No Shell,No Shell,17.9,21.8,30.85,8.260,1734.01,2142.59,,2142.59,,8.388,145.8,4.52,8.324,176.9,4.09,8.324,172.8,3.99,,,,,,
,,,,,,,,,,,,,,,,,,,,,,,,,,,,,
5/22/22,,East Dennis (aquaculture),Bottom water,Shell,outside cage,23.6,22.5,32.19,7.717,1961.64,,2196.42,2196.42,,7.972,480.4,2.81,7.700,986.7,1.65,7.700,930.6,1.56,,,,,,
6/1/22,,East Dennis (aquaculture),Bottom water,Shell,Shell,16.5,16.2,29.72,7.862,2415.10,,2495.18,2495.18,NBS scale,7.711,1093.7,1.39,7.858,1035.6,1.45,7.858,1038.9,1.45,y,,,,,
6/17/22,,East Dennis (aquaculture),Bottom water,Shell,Shell,18.9,21.5,32.50,8.003,1989.86,,2140.58,2140.58,,7.862,628.7,1.87,8.044,385.6,2.65,8.044,401.9,2.77,,,,,,
6/28/22,,East Dennis (aquaculture),Bottom water,Shell,Shell,18.6,18.1,30.57,7.326,2532.09,,2559.64,2559.64,,7.519,1807.6,1.05,7.320,2923.2,0.68,7.320,2844.5,0.66,y,,,,,
07/18/22,136,East Dennis (aquaculture),Bottom water,Shell,Shell,23.7,27.3,32.78,8.011,1913.46,,2045.86,2045.86,,7.749,805.2,1.72,8.067,339.6,3.14,8.067,367.1,3.40,,,,,,
8/4/22,2,East Dennis (aquaculture),Bottom water,Shell,Shell,24.9,23.3,33.03,8.092,1882.41,,2065.81,2065.81,,7.851,619.7,2.23,8.067,340.7,3.31,8.067,361.3,3.51,,,,,,
08/14/22,825,East Dennis (aquaculture),Bottom water,Shell,Shell,26.3,20.8,32.88,8.002,2091.51,2212.5,,2212.50,,7.663,1088.6,1.74,7.916,555.7,2.85,7.916,587.5,3.01,,,,,,
8/28/22,,East Dennis (aquaculture),Bottom water,Shell,Shell,22.6,22.4,32.39,8.097,2281.40,,2500.34,2500.34,,7.912,645.3,2.78,8.094,391.1,3.88,8.094,409.8,4.07,,,,,,
6/30/22,,Eel Pond,Bottom water,Shell,Shell,23.0,10.6,32.06,7.986,1907.41,,2017.21,2017.21,,7.709,885.4,1.50,7.793,712.0,1.78,7.793,723.9,1.81,,,,,,
07/15/22,120,Eel Pond,Bottom water,Shell,Shell,25.5,27.6,31.42,7.870,1822.25,,1947.61,1947.61,,7.731,810.3,1.66,7.902,514.1,2.31,7.902,534.0,2.40,,,,,,
8/1/22,2,Eel Pond,Bottom water,Shell,Shell,25.6,23.1,32.76,7.822,1929.64,,2004.69,2004.69,,7.561,1277.4,1.24,7.784,718.2,1.94,7.784,749.4,2.03,,,,,,
08/15/22,834,Eel Pond,Bottom water,Shell,Shell,23.9,27.6,32.80,7.779,2172.57,2056.8,,2056.80,,7.007,5008.6,0.35,7.835,646.5,2.07,7.835,743.3,2.38,,,,,,
8/30/22,,Eel Pond,Bottom water,Shell,Shell,25.0,28.2,32.81,7.756,1900.93,,1991.7,1991.70,,7.618,1098.7,1.35,7.804,677.9,1.96,7.804,703.0,2.03,,,,,,
10/12/22,202,Eel Pond,Bottom water,Shell,Shell,15.4,17.1,31.56,7.835,1859.67,2000.12,,2000.12,,7.918,506.7,1.67,7.861,586.8,1.49,7.861,580.5,1.48,,,,,,
10/24/22,219,Eel Pond,Bottom water,Shell,Shell,16.1,16.4,31.75,7.950,1925.58,2046.85,,2046.85,,7.846,625.3,1.53,7.955,471.0,1.90,7.955,481.1,1.94,,,,,,
11/06/22,272,Eel Pond,Bottom water,Shell,Shell,17.3,18.3,32.29,7.926,1865.64,2028.97,,2028.97,,7.935,491.0,1.91,7.942,482.0,1.94,7.942,482.7,1.94,,,,,,
11/28/22,287,Eel Pond,Bottom water,Shell,Shell,9.2,14.1,32.36,7.935,1952.64,2127.80,,2127.80,,8.080,344.0,1.96,8.014,409.5,1.72,8.014,404.0,1.70,,,,,,
12/05/22,318,Eel Pond,Bottom water,Shell,outside cage,8.1,7.6,31.28,8.022,1991.08,2097.77,,2097.77,,7.930,501.5,1.34,8.014,404.5,1.59,8.014,410.4,1.61,,,,,,
01/20/23,347,Eel Pond,Bottom water,Shell,Shell,4.5,7.6,29.80,7.985,1893.04,1998.4,,1998.40,,8.013,381.1,1.27,8.036,359.2,1.33,8.036,360.6,1.34,,,,,,
02/24/23,394,Eel Pond,Bottom water,Shell,Shell,5.0,12.2,30.20,7.935,1947.49,1970.17,,1970.17,,7.700,818.6,0.66,8.052,339.9,1.40,8.052,357.8,1.47,,,,,,
03/23/23,427,Eel Pond,Bottom water,Shell,Shell,7.6,16.7,29.51,7.891,1922.50,1955.88,,1955.88,,7.711,811.1,0.74,8.036,358.7,1.47,8.037,376.7,1.55,,,,,,
04/19/23,445,Eel Pond,Bottom water,Shell,Shell,12.2,14.1,30.00,7.951,1990.63,2176.06,,2176.06,,8.080,362.5,2.16,7.981,469.2,1.78,7.981,460.0,1.74,,,,,,
5/8/23,469,Eel Pond,Bottom water,Shell,Shell,15.2,25.6,30.59,7.784,1953.91,2176.99,,2176.99,,8.105,337.9,2.57,7.944,519.6,1.88,7.944,501.7,1.81,,,,,,
6/9/23,497,Eel Pond,Bottom water,Shell,Shell,18.5,18.8,30.93,7.805,1903.49,2117.56,,2117.56,,8.038,393.6,2.50,7.810,719.0,1.60,7.810,685.3,1.52,,,,,,
5/21/22,,Provincetown,Bottom water,Shell,outside cage,19.0,22.4,31.82,7.70,1942.40,,2142.10,2142.10,,7.983,457.9,2.35,7.751,840.3,1.48,7.751,802.1,1.42,,,,,,
6/2/22,,Provincetown,Bottom water,Shell,Shell,16.8,19.2,31.67,8.114,1963.12,,2105.08,2105.08,NBS scale,7.886,581.5,1.75,8.147,403.7,2.29,8.147,415.7,2.36,,,,,,
6/15/22,,Provincetown,Bottom water,Shell,Shell,18.1,18.7,32.45,7.808,2707.61,,,,NBS scale,,,,,,,7.816,1282.4,1.68,y,,,,,
7/1/22,,Provincetown,Bottom water,Shell,Shell,21.7,14.1,32.67,8.226,1921.71,,2129.20,2129.20,,7.949,494.8,2.45,8.103,322.8,3.25,8.103,336.8,3.38,,,,,,
07/14/22,110,Provincetown,Bottom water,Shell,Shell,21.3,23.1,32.29,7.506,2342.98,,2352.57,2352.57,,7.414,2147.7,0.88,7.531,1612.6,1.14,7.531,1640.0,1.16,y,,,,,
8/3/22,2,Provincetown,Bottom water,Shell,Shell,24.5,11.4,32.82,8.133,1982.92,,2123.68,2123.68,,7.750,834.8,1.85,7.924,524.8,2.59,7.924,546.1,2.69,,,,,,
08/14/22,814,Provincetown,Bottom water,Shell,Shell,16.6,22.4,33.03,7.518,2456.57,,,,,,,,,,,7.599,1425.6,1.17,y,,,,,
8/29/22,,Provincetown,Bottom water,Shell,Shell,20.7,20.7,32.55,7.865,2105.92,,2139.38,2139.38,NBS scale,7.493,1601.3,0.93,7.865,874.7,1.55,7.865,909.1,1.61,,,,,,
10/11/22,207,Provincetown,Bottom water,Shell,Shell,12.3,18.4,32.97,7.260,2430.19,2101.78,,2101.78,,6.771,8299.0,0.13,7.334,2211.3,0.46,7.334,2501.9,0.52,y,,,,,
10/25/22,228,Provincetown,Bottom water,Shell,Shell,16.4,16.9,32.77,8.188,1918.96,2291.66,,2291.66,,8.302,199.3,4.13,8.196,271.1,3.44,8.196,262.1,3.33,,,,,,
11/04/22,258,Provincetown,Bottom water,Shell,Shell,16.9,17.4,32.35,8.157,1895.41,2204.36,,2204.36,,8.212,249.6,3.44,8.165,285.1,3.17,8.165,281.2,3.12,,,,,,
11/29/22,286,Provincetown,Bottom water,Shell,Shell,8.4,7.9,33.31,8.094,2032.01,2178.29,,2178.29,,8.004,427.1,1.70,8.086,344.4,2.00,8.086,350.1,2.03,,,,,,
12/04/22,312,Provincetown,Bottom water,Shell,Shell,8.6,4.0,31.80,8.286,1981.23,2203.21,,2203.21,,8.193,264.6,2.44,8.207,254.5,2.51,8.207,255.4,2.52,,,,,,
01/21/23,356,Provincetown,Bottom water,Shell,Shell,4.7,6.7,32.30,8.128,2001.43,2268.77,,2268.77,,8.334,182.6,2.86,8.162,290.3,2.06,8.162,278.9,1.98,,,,,,
02/21/23,375,Provincetown,Bottom water,Shell,Shell,4.6,6.8,31.07,8.251,1944.90,2258.29,,2258.29,,8.437,137.4,3.35,8.289,207.3,2.56,8.289,199.3,2.46,,,,,,
03/20/23,403,Provincetown,Bottom water,Shell,Shell,5.9,12.8,31.94,8.030,1992.70,2254.98,,2254.98,,8.310,194.9,2.82,8.145,304.6,2.06,8.145,293.2,1.98,,,,,,
04/17/23,436,Provincetown,Bottom water,Shell,Shell,12.3,13.6,31.33,8.107,1939.65,2211.96,,2211.96,,8.235,238.6,3.02,8.128,319.8,2.48,8.128,311.2,2.41,,,,,,
5/10/23,483,Provincetown,Bottom water,Shell,Shell,17.3,19.9,31.95,8.116,1894.45,2314.44,,2314.44,,8.364,168.2,4.70,8.158,306.8,3.32,8.158,287.1,3.10,,,,,,
6/11/23,501,Provincetown,Bottom water,Shell,Shell,17.9,21.7,30.85,8.237,1728.87,2102.72,,2102.72,,8.342,164.0,4.13,8.299,186.7,3.85,8.299,183.9,3.79,,,,,,
,,,,,,,,,,,,,,,,,,,,,,,,,,,,,
5/22/22,,East Dennis (aquaculture),2cm,No Shell,No Shell,,22.4,32.19,7.098,2799.44,,2656.93,2656.93,,,,,,,,,,,,,,,,
6/1/22,,East Dennis (aquaculture),2cm,No Shell,No Shell,,16.7,29.72,7.473,3244.03,,3095.50,3095.50,NBS scale,,,,,,,,,,,,,,,
6/17/22,,East Dennis (aquaculture),2cm,No Shell,No Shell,,,32.50,,2888.25,,3253.85,3253.85,,,,,,,,,,,,,,,,
6/29/22,,East Dennis (aquaculture),2cm control,No Shell,No Shell,,18.4,32.01,7.215,3217.01,,,,,,,,,,,,,,,,,,,
6/29/22,,East Dennis (aquaculture),2cm,No Shell,No Shell,,19.3,32.01,7.136,3281.44,,,,,,,,,,,,,,,,,,,
07/18/22,133,East Dennis (aquaculture),2cm,No Shell,No Shell,,25.0,32.78,7.185,2744.55,,,,,,,,,,,,,,,,,,,
8/4/22,7,East Dennis (aquaculture),2cm control,No Shell,No Shell,,22.8,33.03,7.203,,,2812.37,2812.37,,,,,,,,,,,,,,,,
8/4/22,5,East Dennis (aquaculture),2cm,No Shell,No Shell,,22.5,33.03,7.203,2626.78,,,,,,,,,,,,,,,,,,,
6/30/22,,Eel Pond,2cm control,No Shell,No Shell,,11.4,32.06,7.719,2325.79,,2259.99,2259.99,,,,,,,,,,,,,,,,
6/30/22,,Eel Pond,2cm,No Shell,No Shell,,10.4,32.06,7.404,3350.19,,,,,,,,,,,,,,,,,,,
07/15/22,117,Eel Pond,2cm,No Shell,No Shell,,25.6,31.42,7.290,2475.23,,2371.51,2371.51,,,,,,,,,,,,,,,,
8/1/22,5,Eel Pond,2cm,No Shell,No Shell,,21.3,32.76,7.362,2210.81,,2296.72,2296.72,,,,,,,,,,,,,,,,
08/15/22,833,Eel Pond,2cm,No Shell,No Shell,23.9,27.7,32.80,7.378,1962.30,2192.2,,2192.20,,,,,7.427,1944.0,0.95,,,,,,,,,
8/30/22,,Eel Pond,2cm,No Shell,No Shell,25.0,,32.81,,2382.51,,2267.52,2267.52,,,,,,,,,,,,,,,,
10/12/22,201,Eel Pond,2cm,No Shell,No Shell,15.4,18.9,31.56,7.285,,3589.40,,3589.40,,,,,7.327,3947.7,0.86,,,,,,,,,
10/24/22,216,Eel Pond,2cm,No Shell,No Shell,16.1,16.2,31.75,7.632,2321.09,2985.24,,2985.24,,,,,7.633,1566.7,1.44,,,,,,,,,
11/06/22,269,Eel Pond,2cm,No Shell,No Shell,17.3,18.4,32.29,7.535,2282.67,2244.67,,2244.67,,,,,7.550,1445.2,0.96,,,,,,,,,
11/28/22,284,Eel Pond,2cm,No Shell,No Shell,9.2,13.7,32.36,7.925,2379.04,2320.56,,2320.56,,,,,7.998,466.9,1.82,,,,,,,,,
01/20/23,344,Eel Pond,2cm,No Shell,No Shell,4.5,10.9,29.80,7.512,3794.09,3739.64,,3739.64,,,,,7.599,1982.8,0.98,,,,,,,,,
02/24/23,391,Eel Pond,2cm,No Shell,No Shell,5.0,15.1,30.20,7.643,,2297.72,,2297.72,,,,,7.793,760.8,0.95,,,,,,,,,
3/23/23,424,Eel Pond,2cm,No Shell,No Shell,7.6,21.2,29.51,7.484,2529.29,2242.32,,2242.32,,,,,7.673,1022.4,0.79,,,,,,,,,
4/19/23,442,Eel Pond,2cm,No Shell,No Shell,12.2,16.8,30.00,7.372,3054.13,3027.26,,3027.26,,,,,7.430,2566.3,0.77,,,,,,,,,
5/8/23,466,Eel Pond,2cm,No Shell,No Shell,15.2,22.7,30.59,7.346,2461.37,2229.93,,2229.93,,,,,7.441,1868.1,0.67,,,,,,,,,
6/9/23,494,Eel Pond,2cm,No Shell,No Shell,18.5,20.1,30.93,7.290,2349.68,2312.74,,2312.74,,,,,7.309,2702.1,0.60,,,,,,,,,
5/21/22,,Provincetown,2cm,No Shell,No Shell,,22.4,31.82,6.96,2761.16,,2529.40,2529.40,,,,,,,,,,,,,,,,
6/2/22,,Provincetown,2cm,No Shell,No Shell,,18.3,31.67,7.496,2342.61,,2247.02,2247.02,NBS scale,,,,,,,,,,,,,,,
6/15/22,,Provincetown,2cm,No Shell,No Shell,,,32.45,,4204.97,,,,,,,,,,,,,,,,,,,
7/1/22,,Provincetown,2cm control,No Shell,No Shell,,14.8,32.67,7.494,2279.77,,,,,,,,,,,,,,,,,,,
7/1/22,,Provincetown,2cm,No Shell,No Shell,,14.6,32.67,7.534,2234.58,,2191.44,2191.44,,,,,,,,,,,,,,,,
07/14/22,107,Provincetown,2cm,No Shell,No Shell,,23.3,32.29,7.256,2746.33,,,,,,,,,,,,,,,,,,,
8/3/22,7,Provincetown,2cm control,No Shell,No Shell,,14.9,32.82,7.430,2718.30,,,,,,,,,,,,,,,,,,,
8/3/22,5,Provincetown,2cm,No Shell,No Shell,,13.2,32.82,7.483,2686.08,,,,,,,,,,,,,,,,,,,
08/14/22,815,Provincetown,2cm,No Shell,No Shell,16.6,22.2,33.03,7.175,3312.23,3248.7,,3248.70,,,,,7.239,4408.9,0.69,,,,,,,,,
8/29/22,,Provincetown,2cm,No Shell,No Shell,20.7,20.7,32.55,7.606,2721.66,,,,NBS scale,,,,7.606,2155.5,1.16,,,,,,,,,
10/11/22,206,Provincetown,2cm,No Shell,No Shell,12.3,16.6,32.97,7.362,2638.19,2294.94,,2294.94,,,,,7.326,1981.5,0.60,,,,,,,,,
10/25/22,225,Provincetown,2cm,No Shell,No Shell,16.4,16.7,32.77,7.422,2615.39,2724.22,,2724.22,,,,,7.426,2362.9,0.86,,,,,,,,,
11/04/22,255,Provincetown,2cm,No Shell,No Shell,16.9,17.7,32.35,7.478,2206.00,2434.44,,2434.44,,,,,7.489,1819.3,0.90,,,,,,,,,
11/29/22,285,Provincetown,2cm,No Shell,No Shell,8.4,8.2,33.31,7.617,2409.88,2286.13,,2286.13,,,,,7.614,1189.1,0.79,,,,,,,,,
12/04/22,311,Provincetown,2cm,No Shell,No Shell,8.6,4.1,31.80,7.579,2378.44,1897.37,,1897.37,,,,,7.517,1253.9,0.52,,,,,,,,,
01/21/23,353,Provincetown,2cm,No Shell,No Shell,4.7,10.2,32.30,7.562,2932.72,2866.4,,2866.40,,,,,7.640,1364.7,0.87,,,,,,,,,
02/21/23,372,Provincetown,2cm,No Shell,No Shell,4.6,8.3,31.07,7.500,2378.01,2326.21,,2326.21,,,,,7.550,1377.8,0.56,,,,,,,,,
3/20/23,400,Provincetown,2cm,No Shell,No Shell,5.9,17.9,31.94,7.683,2226.55,2253.91,,2253.91,,,,,7.866,621.6,1.17,,,,,,,,,
4/17/23,433,Provincetown,2cm,No Shell,No Shell,12.3,14.6,31.33,7.268,3015.80,2847.81,,2847.81,,,,,7.295,3307.4,0.55,,,,,,,,,
5/10/23,480,Provincetown,2cm,No Shell,No Shell,17.3,19.2,31.95,7.365,1952.32,2475.39,,2475.39,,,,,7.389,2364.2,0.74,,,,,,,,,
6/11/23,498,Provincetown,2cm,No Shell,No Shell,17.9,22.1,30.85,7.363,2652.82,2850.03,,2850.03,,,,,7.416,2572.6,0.91,,,,,,,,,
,,,,,,,,,,,,,,,,,,,,,,,,,,,,,
5/22/22,,East Dennis (aquaculture),2cm,Shell,Shell,,22.4,32.19,7.152,3037.86,,2924.57,2924.57,,,,,,,,,,,,,,,,
6/1/22,,East Dennis (aquaculture),2cm,Shell,Shell,,17.3,29.72,7.575,3261.90,,3067.01,3067.01,NBS scale,,,,,,,,,,,,,,,
6/17/22,,East Dennis (aquaculture),2cm,Shell,Shell,,,32.50,,3339.75,,2705.92,2705.92,,,,,,,,,,,,,,,,
6/29/22,,East Dennis (aquaculture),2cm control,Shell,Shell,,18.1,32.01,7.161,3198.70,,,,,,,,,,,,,,,,,,,
6/29/22,,East Dennis (aquaculture),2cm,Shell,Shell,,18.7,32.01,7.256,2937.33,,,,,,,,,,,,,,,,,,,
07/18/22,134,East Dennis (aquaculture),2cm,Shell,Shell,,26.6,32.78,7.272,2747.64,,,,,,,,,,,,,,,,,,,
8/4/22,6,East Dennis (aquaculture),2cm control,Shell,Shell,,22.6,33.03,7.219,2613.30,,,,,,,,,,,,,,,,,,,
8/4/22,4,East Dennis (aquaculture),2cm,Shell,Shell,,22.4,33.03,7.306,2450.31,,,,,,,,,,,,,,,,,,,
6/30/22,,Eel Pond,2cm control,Shell,Shell,,12.1,32.06,7.411,3194.05,,,,,,,,,,,,,,,,,,,
6/30/22,,Eel Pond,2cm,Shell,Shell,,11.2,32.06,7.548,2143.81,,2074.79,2074.79,,,,,,,,,,,,,,,,
07/15/22,118,Eel Pond,2cm,Shell,Shell,,26.1,31.42,7.225,3329.76,,,,,,,,,,,,,,,,,,,
8/1/22,4,Eel Pond,2cm,Shell,Shell,,21.8,32.76,7.382,,,2407.81,2407.81,,,,,,,,,,,,,,,,
08/15/22,832,Eel Pond,2cm,Shell,Shell,23.9,27.4,32.80,7.418,1948.95,2164.5,,2164.50,,,,,7.464,1752.0,1.02,,,,,,,,,
8/30/22,,Eel Pond,2cm,Shell,Shell,25.0,,32.81,,2311.19,,2211.62,2211.62,,,,,,,,,,,,,,,,
10/12/22,200,Eel Pond,2cm,Shell,Shell,15.4,17.7,31.56,7.455,,2638.67,,2638.67,,,,,7.485,1980.7,0.89,,,,,,,,,
10/24/22,217,Eel Pond,2cm,Shell,Shell,16.1,16.1,31.75,7.513,3582.83,4189.74,,4189.74,,,,,7.513,2959.5,1.56,,,,,,,,,
11/06/22,270,Eel Pond,2cm,Shell,Shell,17.3,18.7,32.29,7.511,2276.37,2189.72,,2189.72,,,,,7.530,1480.6,0.90,,,,,,,,,
11/28/22,285,Eel Pond,2cm,Shell,Shell,9.2,12.9,32.36,7.648,2189.59,2171.71,,2171.71,,,,,7.702,918.7,0.92,,,,,,,,,
01/20/23,345,Eel Pond,2cm,Shell,Shell,4.5,11.0,29.80,7.682,,2273.79,,2273.79,,,,,7.779,777.6,0.88,,,,,,,,,
02/24/23,392,Eel Pond,2cm,Shell,Shell,5.0,15.0,30.20,7.575,,1974.17,,1974.17,,,,,7.719,783.3,0.69,,,,,,,,,
3/23/23,425,Eel Pond,2cm,Shell,Shell,7.6,20.8,29.51,7.420,2206.69,2056.83,,2056.83,,,,,7.596,1127.6,0.61,,,,,,,,,
4/19/23,443,Eel Pond,2cm,Shell,Shell,12.2,17.3,30.00,7.481,2272.95,2266.17,,2266.17,,,,,7.550,1437.7,0.75,,,,,,,,,
5/8/23,467,Eel Pond,2cm,Shell,Shell,15.2,23.0,30.59,7.402,2265.62,2314.89,,2314.89,,,,,7.504,1664.9,0.79,,,,,,,,,
6/9/23,495,Eel Pond,2cm,Shell,Shell,18.5,20.0,30.93,7.317,2203.84,2257.82,,2257.82,,,,,7.335,2477.7,0.62,,,,,,,,,
5/21/22,,Provincetown,2cm,shell,shell,,22.5,31.82,7.292,2542.86,,2538.15,2538.15,,,,,,,,,,,,,,,,
6/2/22,,Provincetown,2cm,shell,shell,,18.3,31.67,7.506,2575.59,,2432.59,2432.59,NBS scale,,,,,,,,,,,,,,,
6/15/22,,Provincetown,2cm,Shell,Shell,,,32.45,,3516.66,,,,,,,,,,,,,,,,,,,
7/1/22,,Provincetown,2cm control,Shell,Shell,,14.5,32.67,7.670,2304.93,,2295.12,2295.12,,,,,,,,,,,,,,,,
7/1/22,,Provincetown,2cm,Shell,Shell,,15.8,32.67,7.611,2224.97,,2200.67,2200.67,,,,,,,,,,,,,,,,
07/14/22,108,Provincetown,2cm,Shell,Shell,,23.6,32.29,7.402,2810.49,,,,,,,,,,,,,,,,,,,
8/3/22,6,Provincetown,2cm control,Shell,Shell,,14.1,32.82,7.477,2665.01,,,,,,,,,,,,,,,,,,,
8/3/22,4,Provincetown,2cm,Shell,Shell,,13.0,32.82,7.534,2668.48,,,,,,,,,,,,,,,,,,,
08/14/22,816,Provincetown,2cm,Shell,Shell,16.6,22.4,33.03,7.381,3018.07,2619.5,,2619.50,,,,,7.456,2110.2,0.90,,,,,,,,,
8/29/22,,Provincetown,2cm,Shell,Shell,20.7,20.7,32.55,7.707,2761.75,,,,NBS scale,,,,7.707,1730.3,1.48,,,,,,,,,
10/11/22,205,Provincetown,2cm,Shell,Shell,12.3,16.3,32.97,7.481,2827.10,2497.30,,2497.30,,,,,7.535,1620.7,0.85,,,,,,,,,
10/25/22,226,Provincetown,2cm,Shell,Shell,16.4,16.7,32.77,7.511,2706.68,2954.91,,2954.91,,,,,7.515,2065.9,1.14,,,,,,,,,
11/04/22,256,Provincetown,2cm,Shell,Shell,16.9,17.6,32.35,7.589,2452.87,2174.67,,2174.67,,,,,7.599,1238.9,1.01,,,,,,,,,
11/29/22,,Provincetown,2cm,Shell,Shell,8.4,8.3,33.31,7.599,,2337.89,,2337.89,,,,,7.598,1266.2,0.77,,,,,,,,,
12/04/22,310,Provincetown,2cm,Shell,Shell,8.6,4.1,31.80,7.664,2513.05,2033.73,,2033.73,,,,,7.600,1102.7,0.66,,,,,,,,,
01/21/23,354,Provincetown,2cm,Shell,Shell,4.7,10.1,32.30,7.625,2767.15,2654.19,,2654.19,,,,,7.704,1081.0,0.93,,,,,,,,,
02/21/23,373,Provincetown,2cm,Shell,Shell,4.6,6.7,31.07,7.655,2479.36,2453.56,,2453.56,,,,,7.686,1048.6,0.80,,,,,,,,,
3/20/23,401,Provincetown,2cm,Shell,Shell,5.9,18.7,31.94,7.857,2006.32,2177.00,,2177.00,,,,,8.063,364.2,1.69,,,,,,,,,
4/17/23,434,Provincetown,2cm,Shell,Shell,12.3,14.3,31.33,7.505,3182.18,2983.68,,2983.68,,,,,7.532,1967.3,0.98,,,,,,,,,
5/10/23,481,Provincetown,2cm,Shell,Shell,17.3,18.1,31.95,7.480,2354.72,2295.93,,2295.93,,,,,7.491,1712.8,0.86,,,,,,,,,
6/11/23,499,Provincetown,2cm,Shell,Shell,17.9,22.1,30.85,7.370,2741.98,2903.19,,2903.19,,,,,7.423,2575.7,0.94,,,,,,,,,
,,,,,,,,,,,,,,,,,,,,,,,,,,,,,
,,,,,,,,,,,,,,,,,,,,,,,,,,,,,
,,,,,,,,,,,,,,,,,,,,,,,,,,,,,
,,,,,,,,,,,,,,,,,,,,,,,,,,,,,
,,,,,,,,,,,,,,,,,,,,,,,,,,,,,
,,,,,,,,,,,,,,,,,,,,,,,,,,,,,
,,,,,,,,,,,,,,,,,,,,,,,,,,,,,
,,,,,,,,,,,,,,,,,,,,,,,,,,,,,
,,,,,,,,,,,,,,,,,,,,,,,,,,,,,
,,,,,,,,,,,,,,,,,,,,,,,,,,,,,
,,,,,,,,,,,,,,,,,,,,,,,,,,,,,
,,,,,,,,,,,,,,,,,,,,,,,,,,,,,
,,,,,,,,,,,,,,,,,,,,,,,,,,,,,
,,,,,,,,,,,,,,,,,,,,,,,,,,,,,
,,,,,,,,,,,,,,,,,,,,,,,,,,,,,
,,,,,,,,,,,,,,,,,,,,,,,,,,,,,
,,,,,,,,,,,,,,,,,,,,,,,,,,,,,
,,,,,,,,,,,,,,,,,,,,,,,,,,,,,
,,,,,,,,,,,,,,,,,,,,,,,,,,,,,
,,,,,,,,,,,,,,,,,,,,,,,,,,,,,
,,,,,,,,,,,,,,,,,,,,,,,,,,,,,
,,,,,,,,,,,,,,,,,,,,,,,,,,,,,
,,,,,,,,,,,,,,,,,,,,,,,,,,,,,
,,,,,,,,,,,,,,,,,,,,,,,,,,,,,
,,,,,,,,,,,,,,,,,,,,,,,,,,,,,
,,,,,,,,,,,,,,,,,,,,,,,,,,,,,
,,,,,,,,,,,,,,,,,,,,,,,,,,,,,
,,,,,,,,,,,,,,,,,,,,,,,,,,,,,
,,,,,,,,,,,,,,,,,,,,,,,,,,,,,
,,,,,,,,,,,,,,,,,,,,,,,,,,,,,
,,,,,,,,,,,,,,,,,,,,,,,,,,,,,
,,,,,,,,,,,,,,,,,,,,,,,,,,,,,
,,,,,,,,,,,,,,,,,,,,,,,,,,,,,
,,,,,,,,,,,,,,,,,,,,,,,,,,,,,
,,,,,,,,,,,,,,,,,,,,,,,,,,,,,
,,,,,,,,,,,,,,,,,,,,,,,,,,,,,
,,,,,,,,,,,,,,,,,,,,,,,,,,,,,
,,,,,,,,,,,,,,,,,,,,,,,,,,,,,
,,,,,,,,,,,,,,,,,,,,,,,,,,,,,
,,,,,,,,,,,,,,,,,,,,,,,,,,,,,
,,,,,,,,,,,,,,,,,,,,,,,,,,,,,
,,,,,,,,,,,,,,,,,,,,,,,,,,,,,
,,,,,,,,,,,,,,,,,,,,,,,,,,,,,
,,,,,,,,,,,,,,,,,,,,,,,,,,,,,
,,,,,,,,,,,,,,,,,,,,,,,,,,,,,
,,,,,,,,,,,,,,,,,,,,,,,,,,,,,
,,,,,,,,,,,,,,,,,,,,,,,,,,,,,
,,,,,,,,,,,,,,,,,,,,,,,,,,,,,
,,,,,,,,,,,,,,,,,,,,,,,,,,,,,
,,,,,,,,,,,,,,,,,,,,,,,,,,,,,
,,,,,,,,,,,,,,,,,,,,,,,,,,,,,
,,,,,,,,,,,,,,,,,,,,,,,,,,,,,
,,,,,,,,,,,,,,,,,,,,,,,,,,,,,
,,,,,,,,,,,,,,,,,,,,,,,,,,,,,
,,,,,,,,,,,,,,,,,,,,,,,,,,,,,
,,,,,,,,,,,,,,,,,,,,,,,,,,,,,
,,,,,,,,,,,,,,,,,,,,,,,,,,,,,
,,,,,,,,,,,,,,,,,,,,,,,,,,,,,
,,,,,,,,,,,,,,,,,,,,,,,,,,,,,
,,,,,,,,,,,,,,,,,,,,,,,,,,,,,
,,,,,,,,,,,,,,,,,,,,,,,,,,,,,
,,,,,,,,,,,,,,,,,,,,,,,,,,,,,
,,,,,,,,,,,,,,,,,,,,,,,,,,,,,
,,,,,,,,,,,,,,,,,,,,,,,,,,,,,
,,,,,,,,,,,,,,,,,,,,,,,,,,,,,
,,,,,,,,,,,,,,,,,,,,,,,,,,,,,
,,,,,,,,,,,,,,,,,,,,,,,,,,,,,
,,,,,,,,,,,,,,,,,,,,,,,,,,,,,
,,,,,,,,,,,,,,,,,,,,,,,,,,,,,
,,,,,,,,,,,,,,,,,,,,,,,,,,,,,
,,,,,,,,,,,,,,,,,,,,,,,,,,,,,
,,,,,,,,,,,,,,,,,,,,,,,,,,,,,
,,,,,,,,,,,,,,,,,,,,,,,,,,,,,
,,,,,,,,,,,,,,,,,,,,,,,,,,,,,
,,,,,,,,,,,,,,,,,,,,,,,,,,,,,
,,,,,,,,,,,,,,,,,,,,,,,,,,,,,
,,,,,,,,,,,,,,,,,,,,,,,,,,,,,
,,,,,,,,,,,,,,,,,,,,,,,,,,,,,
,,,,,,,,,,,,,,,,,,,,,,,,,,,,,
,,,,,,,,,,,,,,,,,,,,,,,,,,,,,
,,,,,,,,,,,,,,,,,,,,,,,,,,,,,
,,,,,,,,,,,,,,,,,,,,,,,,,,,,,
,,,,,,,,,,,,,,,,,,,,,,,,,,,,,
,,,,,,,,,,,,,,,,,,,,,,,,,,,,,
,,,,,,,,,,,,,,,,,,,,,,,,,,,,,
,,,,,,,,,,,,,,,,,,,,,,,,,,,,,
,,,,,,,,,,,,,,,,,,,,,,,,,,,,,
,,,,,,,,,,,,,,,,,,,,,,,,,,,,,
,,,,,,,,,,,,,,,,,,,,,,,,,,,,,
,,,,,,,,,,,,,,,,,,,,,,,,,,,,,
,,,,,,,,,,,,,,,,,,,,,,,,,,,,,
,,,,,,,,,,,,,,,,,,,,,,,,,,,,,
,,,,,,,,,,,,,,,,,,,,,,,,,,,,,
,,,,,,,,,,,,,,,,,,,,,,,,,,,,,
,,,,,,,,,,,,,,,,,,,,,,,,,,,,,
,,,,,,,,,,,,,,,,,,,,,,,,,,,,,
,,,,,,,,,,,,,,,,,,,,,,,,,,,,,
,,,,,,,,,,,,,,,,,,,,,,,,,,,,,
,,,,,,,,,,,,,,,,,,,,,,,,,,,,,
,,,,,,,,,,,,,,,,,,,,,,,,,,,,,
,,,,,,,,,,,,,,,,,,,,,,,,,,,,,
,,,,,,,,,,,,,,,,,,,,,,,,,,,,,
,,,,,,,,,,,,,,,,,,,,,,,,,,,,,
,,,,,,,,,,,,,,,,,,,,,,,,,,,,,
,,,,,,,,,,,,,,,,,,,,,,,,,,,,,
,,,,,,,,,,,,,,,,,,,,,,,,,,,,,
,,,,,,,,,,,,,,,,,,,,,,,,,,,,,
,,,,,,,,,,,,,,,,,,,,,,,,,,,,,
,,,,,,,,,,,,,,,,,,,,,,,,,,,,,
,,,,,,,,,,,,,,,,,,,,,,,,,,,,,
,,,,,,,,,,,,,,,,,,,,,,,,,,,,,
,,,,,,,,,,,,,,,,,,,,,,,,,,,,,
,,,,,,,,,,,,,,,,,,,,,,,,,,,,,
,,,,,,,,,,,,,,,,,,,,,,,,,,,,,
,,,,,,,,,,,,,,,,,,,,,,,,,,,,,
,,,,,,,,,,,,,,,,,,,,,,,,,,,,,
,,,,,,,,,,,,,,,,,,,,,,,,,,,,,
,,,,,,,,,,,,,,,,,,,,,,,,,,,,,
,,,,,,,,,,,,,,,,,,,,,,,,,,,,,
,,,,,,,,,,,,,,,,,,,,,,,,,,,,,
,,,,,,,,,,,,,,,,,,,,,,,,,,,,,
,,,,,,,,,,,,,,,,,,,,,,,,,,,,,
,,,,,,,,,,,,,,,,,,,,,,,,,,,,,
,,,,,,,,,,,,,,,,,,,,,,,,,,,,,
,,,,,,,,,,,,,,,,,,,,,,,,,,,,,
,,,,,,,,,,,,,,,,,,,,,,,,,,,,,
,,,,,,,,,,,,,,,,,,,,,,,,,,,,,
,,,,,,,,,,,,,,,,,,,,,,,,,,,,,
,,,,,,,,,,,,,,,,,,,,,,,,,,,,,
,,,,,,,,,,,,,,,,,,,,,,,,,,,,,
,,,,,,,,,,,,,,,,,,,,,,,,,,,,,
,,,,,,,,,,,,,,,,,,,,,,,,,,,,,
,,,,,,,,,,,,,,,,,,,,,,,,,,,,,
,,,,,,,,,,,,,,,,,,,,,,,,,,,,,
,,,,,,,,,,,,,,,,,,,,,,,,,,,,,
,,,,,,,,,,,,,,,,,,,,,,,,,,,,,
,,,,,,,,,,,,,,,,,,,,,,,,,,,,,
,,,,,,,,,,,,,,,,,,,,,,,,,,,,,
,,,,,,,,,,,,,,,,,,,,,,,,,,,,,
,,,,,,,,,,,,,,,,,,,,,,,,,,,,,
,,,,,,,,,,,,,,,,,,,,,,,,,,,,,
,,,,,,,,,,,,,,,,,,,,,,,,,,,,,
,,,,,,,,,,,,,,,,,,,,,,,,,,,,,
,,,,,,,,,,,,,,,,,,,,,,,,,,,,,
,,,,,,,,,,,,,,,,,,,,,,,,,,,,,
,,,,,,,,,,,,,,,,,,,,,,,,,,,,,
,,,,,,,,,,,,,,,,,,,,,,,,,,,,,
,,,,,,,,,,,,,,,,,,,,,,,,,,,,,
,,,,,,,,,,,,,,,,,,,,,,,,,,,,,
,,,,,,,,,,,,,,,,,,,,,,,,,,,,,
,,,,,,,,,,,,,,,,,,,,,,,,,,,,,
,,,,,,,,,,,,,,,,,,,,,,,,,,,,,
,,,,,,,,,,,,,,,,,,,,,,,,,,,,,
,,,,,,,,,,,,,,,,,,,,,,,,,,,,,
,,,,,,,,,,,,,,,,,,,,,,,,,,,,,
,,,,,,,,,,,,,,,,,,,,,,,,,,,,,
,,,,,,,,,,,,,,,,,,,,,,,,,,,,,
,,,,,,,,,,,,,,,,,,,,,,,,,,,,,
,,,,,,,,,,,,,,,,,,,,,,,,,,,,,
,,,,,,,,,,,,,,,,,,,,,,,,,,,,,
,,,,,,,,,,,,,,,,,,,,,,,,,,,,,
,,,,,,,,,,,,,,,,,,,,,,,,,,,,,
,,,,,,,,,,,,,,,,,,,,,,,,,,,,,
,,,,,,,,,,,,,,,,,,,,,,,,,,,,,
,,,,,,,,,,,,,,,,,,,,,,,,,,,,,
,,,,,,,,,,,,,,,,,,,,,,,,,,,,,
,,,,,,,,,,,,,,,,,,,,,,,,,,,,,
,,,,,,,,,,,,,,,,,,,,,,,,,,,,,
,,,,,,,,,,,,,,,,,,,,,,,,,,,,,
,,,,,,,,,,,,,,,,,,,,,,,,,,,,,
,,,,,,,,,,,,,,,,,,,,,,,,,,,,,
,,,,,,,,,,,,,,,,,,,,,,,,,,,,,
,,,,,,,,,,,,,,,,,,,,,,,,,,,,,
,,,,,,,,,,,,,,,,,,,,,,,,,,,,,
,,,,,,,,,,,,,,,,,,,,,,,,,,,,,
,,,,,,,,,,,,,,,,,,,,,,,,,,,,,
,,,,,,,,,,,,,,,,,,,,,,,,,,,,,
,,,,,,,,,,,,,,,,,,,,,,,,,,,,,
,,,,,,,,,,,,,,,,,,,,,,,,,,,,,
,,,,,,,,,,,,,,,,,,,,,,,,,,,,,
,,,,,,,,,,,,,,,,,,,,,,,,,,,,,
,,,,,,,,,,,,,,,,,,,,,,,,,,,,,
,,,,,,,,,,,,,,,,,,,,,,,,,,,,,
,,,,,,,,,,,,,,,,,,,,,,,,,,,,,
,,,,,,,,,,,,,,,,,,,,,,,,,,,,,
,,,,,,,,,,,,,,,,,,,,,,,,,,,,,
,,,,,,,,,,,,,,,,,,,,,,,,,,,,,
,,,,,,,,,,,,,,,,,,,,,,,,,,,,,
,,,,,,,,,,,,,,,,,,,,,,,,,,,,,
,,,,,,,,,,,,,,,,,,,,,,,,,,,,,
,,,,,,,,,,,,,,,,,,,,,,,,,,,,,
,,,,,,,,,,,,,,,,,,,,,,,,,,,,,
,,,,,,,,,,,,,,,,,,,,,,,,,,,,,
,,,,,,,,,,,,,,,,,,,,,,,,,,,,,
,,,,,,,,,,,,,,,,,,,,,,,,,,,,,
,,,,,,,,,,,,,,,,,,,,,,,,,,,,,
,,,,,,,,,,,,,,,,,,,,,,,,,,,,,
,,,,,,,,,,,,,,,,,,,,,,,,,,,,,
,,,,,,,,,,,,,,,,,,,,,,,,,,,,,
,,,,,,,,,,,,,,,,,,,,,,,,,,,,,
,,,,,,,,,,,,,,,,,,,,,,,,,,,,,
,,,,,,,,,,,,,,,,,,,,,,,,,,,,,
,,,,,,,,,,,,,,,,,,,,,,,,,,,,,
,,,,,,,,,,,,,,,,,,,,,,,,,,,,,
,,,,,,,,,,,,,,,,,,,,,,,,,,,,,
,,,,,,,,,,,,,,,,,,,,,,,,,,,,,
,,,,,,,,,,,,,,,,,,,,,,,,,,,,,
,,,,,,,,,,,,,,,,,,,,,,,,,,,,,
,,,,,,,,,,,,,,,,,,,,,,,,,,,,,
,,,,,,,,,,,,,,,,,,,,,,,,,,,,,
,,,,,,,,,,,,,,,,,,,,,,,,,,,,,
,,,,,,,,,,,,,,,,,,,,,,,,,,,,,
,,,,,,,,,,,,,,,,,,,,,,,,,,,,,
,,,,,,,,,,,,,,,,,,,,,,,,,,,,,
,,,,,,,,,,,,,,,,,,,,,,,,,,,,,
,,,,,,,,,,,,,,,,,,,,,,,,,,,,,
,,,,,,,,,,,,,,,,,,,,,,,,,,,,,
,,,,,,,,,,,,,,,,,,,,,,,,,,,,,
,,,,,,,,,,,,,,,,,,,,,,,,,,,,,
,,,,,,,,,,,,,,,,,,,,,,,,,,,,,
,,,,,,,,,,,,,,,,,,,,,,,,,,,,,
,,,,,,,,,,,,,,,,,,,,,,,,,,,,,
,,,,,,,,,,,,,,,,,,,,,,,,,,,,,
,,,,,,,,,,,,,,,,,,,,,,,,,,,,,
,,,,,,,,,,,,,,,,,,,,,,,,,,,,,
,,,,,,,,,,,,,,,,,,,,,,,,,,,,,
,,,,,,,,,,,,,,,,,,,,,,,,,,,,,
,,,,,,,,,,,,,,,,,,,,,,,,,,,,,
,,,,,,,,,,,,,,,,,,,,,,,,,,,,,
,,,,,,,,,,,,,,,,,,,,,,,,,,,,,
,,,,,,,,,,,,,,,,,,,,,,,,,,,,,
,,,,,,,,,,,,,,,,,,,,,,,,,,,,,
,,,,,,,,,,,,,,,,,,,,,,,,,,,,,
,,,,,,,,,,,,,,,,,,,,,,,,,,,,,
,,,,,,,,,,,,,,,,,,,,,,,,,,,,,
,,,,,,,,,,,,,,,,,,,,,,,,,,,,,
,,,,,,,,,,,,,,,,,,,,,,,,,,,,,
,,,,,,,,,,,,,,,,,,,,,,,,,,,,,
,,,,,,,,,,,,,,,,,,,,,,,,,,,,,
,,,,,,,,,,,,,,,,,,,,,,,,,,,,,
,,,,,,,,,,,,,,,,,,,,,,,,,,,,,
,,,,,,,,,,,,,,,,,,,,,,,,,,,,,
,,,,,,,,,,,,,,,,,,,,,,,,,,,,,
,,,,,,,,,,,,,,,,,,,,,,,,,,,,,
,,,,,,,,,,,,,,,,,,,,,,,,,,,,,
,,,,,,,,,,,,,,,,,,,,,,,,,,,,,
,,,,,,,,,,,,,,,,,,,,,,,,,,,,,
,,,,,,,,,,,,,,,,,,,,,,,,,,,,,
,,,,,,,,,,,,,,,,,,,,,,,,,,,,,
,,,,,,,,,,,,,,,,,,,,,,,,,,,,,
,,,,,,,,,,,,,,,,,,,,,,,,,,,,,
,,,,,,,,,,,,,,,,,,,,,,,,,,,,,
,,,,,,,,,,,,,,,,,,,,,,,,,,,,,
,,,,,,,,,,,,,,,,,,,,,,,,,,,,,
,,,,,,,,,,,,,,,,,,,,,,,,,,,,,
,,,,,,,,,,,,,,,,,,,,,,,,,,,,,
,,,,,,,,,,,,,,,,,,,,,,,,,,,,,
,,,,,,,,,,,,,,,,,,,,,,,,,,,,,
,,,,,,,,,,,,,,,,,,,,,,,,,,,,,
,,,,,,,,,,,,,,,,,,,,,,,,,,,,,
,,,,,,,,,,,,,,,,,,,,,,,,,,,,,
,,,,,,,,,,,,,,,,,,,,,,,,,,,,,
,,,,,,,,,,,,,,,,,,,,,,,,,,,,,
,,,,,,,,,,,,,,,,,,,,,,,,,,,,,
,,,,,,,,,,,,,,,,,,,,,,,,,,,,,
,,,,,,,,,,,,,,,,,,,,,,,,,,,,,
,,,,,,,,,,,,,,,,,,,,,,,,,,,,,
,,,,,,,,,,,,,,,,,,,,,,,,,,,,,
,,,,,,,,,,,,,,,,,,,,,,,,,,,,,
,,,,,,,,,,,,,,,,,,,,,,,,,,,,,
,,,,,,,,,,,,,,,,,,,,,,,,,,,,,
,,,,,,,,,,,,,,,,,,,,,,,,,,,,,
,,,,,,,,,,,,,,,,,,,,,,,,,,,,,
,,,,,,,,,,,,,,,,,,,,,,,,,,,,,
,,,,,,,,,,,,,,,,,,,,,,,,,,,,,
,,,,,,,,,,,,,,,,,,,,,,,,,,,,,
,,,,,,,,,,,,,,,,,,,,,,,,,,,,,
,,,,,,,,,,,,,,,,,,,,,,,,,,,,,
,,,,,,,,,,,,,,,,,,,,,,,,,,,,,
,,,,,,,,,,,,,,,,,,,,,,,,,,,,,
,,,,,,,,,,,,,,,,,,,,,,,,,,,,,
,,,,,,,,,,,,,,,,,,,,,,,,,,,,,
,,,,,,,,,,,,,,,,,,,,,,,,,,,,,
,,,,,,,,,,,,,,,,,,,,,,,,,,,,,
,,,,,,,,,,,,,,,,,,,,,,,,,,,,,
,,,,,,,,,,,,,,,,,,,,,,,,,,,,,
,,,,,,,,,,,,,,,,,,,,,,,,,,,,,
,,,,,,,,,,,,,,,,,,,,,,,,,,,,,
,,,,,,,,,,,,,,,,,,,,,,,,,,,,,
,,,,,,,,,,,,,,,,,,,,,,,,,,,,,
,,,,,,,,,,,,,,,,,,,,,,,,,,,,,
,,,,,,,,,,,,,,,,,,,,,,,,,,,,,
,,,,,,,,,,,,,,,,,,,,,,,,,,,,,
,,,,,,,,,,,,,,,,,,,,,,,,,,,,,
,,,,,,,,,,,,,,,,,,,,,,,,,,,,,
,,,,,,,,,,,,,,,,,,,,,,,,,,,,,
,,,,,,,,,,,,,,,,,,,,,,,,,,,,,
,,,,,,,,,,,,,,,,,,,,,,,,,,,,,
,,,,,,,,,,,,,,,,,,,,,,,,,,,,,
,,,,,,,,,,,,,,,,,,,,,,,,,,,,,
,,,,,,,,,,,,,,,,,,,,,,,,,,,,,
,,,,,,,,,,,,,,,,,,,,,,,,,,,,,
,,,,,,,,,,,,,,,,,,,,,,,,,,,,,
,,,,,,,,,,,,,,,,,,,,,,,,,,,,,
,,,,,,,,,,,,,,,,,,,,,,,,,,,,,
,,,,,,,,,,,,,,,,,,,,,,,,,,,,,
,,,,,,,,,,,,,,,,,,,,,,,,,,,,,
,,,,,,,,,,,,,,,,,,,,,,,,,,,,,
,,,,,,,,,,,,,,,,,,,,,,,,,,,,,
,,,,,,,,,,,,,,,,,,,,,,,,,,,,,
,,,,,,,,,,,,,,,,,,,,,,,,,,,,,
,,,,,,,,,,,,,,,,,,,,,,,,,,,,,
,,,,,,,,,,,,,,,,,,,,,,,,,,,,,
,,,,,,,,,,,,,,,,,,,,,,,,,,,,,
,,,,,,,,,,,,,,,,,,,,,,,,,,,,,
,,,,,,,,,,,,,,,,,,,,,,,,,,,,,
,,,,,,,,,,,,,,,,,,,,,,,,,,,,,
,,,,,,,,,,,,,,,,,,,,,,,,,,,,,
,,,,,,,,,,,,,,,,,,,,,,,,,,,,,
,,,,,,,,,,,,,,,,,,,,,,,,,,,,,
,,,,,,,,,,,,,,,,,,,,,,,,,,,,,
,,,,,,,,,,,,,,,,,,,,,,,,,,,,,
,,,,,,,,,,,,,,,,,,,,,,,,,,,,,
,,,,,,,,,,,,,,,,,,,,,,,,,,,,,
,,,,,,,,,,,,,,,,,,,,,,,,,,,,,
,,,,,,,,,,,,,,,,,,,,,,,,,,,,,
,,,,,,,,,,,,,,,,,,,,,,,,,,,,,
,,,,,,,,,,,,,,,,,,,,,,,,,,,,,
,,,,,,,,,,,,,,,,,,,,,,,,,,,,,
,,,,,,,,,,,,,,,,,,,,,,,,,,,,,
,,,,,,,,,,,,,,,,,,,,,,,,,,,,,
,,,,,,,,,,,,,,,,,,,,,,,,,,,,,
,,,,,,,,,,,,,,,,,,,,,,,,,,,,,
,,,,,,,,,,,,,,,,,,,,,,,,,,,,,
,,,,,,,,,,,,,,,,,,,,,,,,,,,,,
,,,,,,,,,,,,,,,,,,,,,,,,,,,,,
,,,,,,,,,,,,,,,,,,,,,,,,,,,,,
,,,,,,,,,,,,,,,,,,,,,,,,,,,,,
,,,,,,,,,,,,,,,,,,,,,,,,,,,,,
,,,,,,,,,,,,,,,,,,,,,,,,,,,,,
,,,,,,,,,,,,,,,,,,,,,,,,,,,,,
,,,,,,,,,,,,,,,,,,,,,,,,,,,,,
,,,,,,,,,,,,,,,,,,,,,,,,,,,,,
,,,,,,,,,,,,,,,,,,,,,,,,,,,,,
,,,,,,,,,,,,,,,,,,,,,,,,,,,,,
,,,,,,,,,,,,,,,,,,,,,,,,,,,,,
,,,,,,,,,,,,,,,,,,,,,,,,,,,,,
,,,,,,,,,,,,,,,,,,,,,,,,,,,,,
,,,,,,,,,,,,,,,,,,,,,,,,,,,,,
,,,,,,,,,,,,,,,,,,,,,,,,,,,,,
,,,,,,,,,,,,,,,,,,,,,,,,,,,,,
,,,,,,,,,,,,,,,,,,,,,,,,,,,,,
,,,,,,,,,,,,,,,,,,,,,,,,,,,,,
,,,,,,,,,,,,,,,,,,,,,,,,,,,,,
,,,,,,,,,,,,,,,,,,,,,,,,,,,,,
,,,,,,,,,,,,,,,,,,,,,,,,,,,,,
,,,,,,,,,,,,,,,,,,,,,,,,,,,,,
,,,,,,,,,,,,,,,,,,,,,,,,,,,,,
,,,,,,,,,,,,,,,,,,,,,,,,,,,,,
,,,,,,,,,,,,,,,,,,,,,,,,,,,,,
,,,,,,,,,,,,,,,,,,,,,,,,,,,,,
,,,,,,,,,,,,,,,,,,,,,,,,,,,,,
,,,,,,,,,,,,,,,,,,,,,,,,,,,,,
,,,,,,,,,,,,,,,,,,,,,,,,,,,,,
,,,,,,,,,,,,,,,,,,,,,,,,,,,,,
,,,,,,,,,,,,,,,,,,,,,,,,,,,,,
,,,,,,,,,,,,,,,,,,,,,,,,,,,,,
,,,,,,,,,,,,,,,,,,,,,,,,,,,,,
,,,,,,,,,,,,,,,,,,,,,,,,,,,,,
,,,,,,,,,,,,,,,,,,,,,,,,,,,,,
,,,,,,,,,,,,,,,,,,,,,,,,,,,,,
,,,,,,,,,,,,,,,,,,,,,,,,,,,,,
,,,,,,,,,,,,,,,,,,,,,,,,,,,,,
,,,,,,,,,,,,,,,,,,,,,,,,,,,,,
,,,,,,,,,,,,,,,,,,,,,,,,,,,,,
,,,,,,,,,,,,,,,,,,,,,,,,,,,,,
,,,,,,,,,,,,,,,,,,,,,,,,,,,,,
,,,,,,,,,,,,,,,,,,,,,,,,,,,,,
,,,,,,,,,,,,,,,,,,,,,,,,,,,,,
,,,,,,,,,,,,,,,,,,,,,,,,,,,,,
,,,,,,,,,,,,,,,,,,,,,,,,,,,,,
,,,,,,,,,,,,,,,,,,,,,,,,,,,,,
,,,,,,,,,,,,,,,,,,,,,,,,,,,,,
,,,,,,,,,,,,,,,,,,,,,,,,,,,,,
,,,,,,,,,,,,,,,,,,,,,,,,,,,,,
,,,,,,,,,,,,,,,,,,,,,,,,,,,,,
,,,,,,,,,,,,,,,,,,,,,,,,,,,,,
,,,,,,,,,,,,,,,,,,,,,,,,,,,,,
,,,,,,,,,,,,,,,,,,,,,,,,,,,,,
,,,,,,,,,,,,,,,,,,,,,,,,,,,,,
,,,,,,,,,,,,,,,,,,,,,,,,,,,,,
,,,,,,,,,,,,,,,,,,,,,,,,,,,,,
,,,,,,,,,,,,,,,,,,,,,,,,,,,,,
,,,,,,,,,,,,,,,,,,,,,,,,,,,,,
,,,,,,,,,,,,,,,,,,,,,,,,,,,,,
,,,,,,,,,,,,,,,,,,,,,,,,,,,,,
,,,,,,,,,,,,,,,,,,,,,,,,,,,,,
,,,,,,,,,,,,,,,,,,,,,,,,,,,,,
,,,,,,,,,,,,,,,,,,,,,,,,,,,,,
,,,,,,,,,,,,,,,,,,,,,,,,,,,,,
,,,,,,,,,,,,,,,,,,,,,,,,,,,,,
,,,,,,,,,,,,,,,,,,,,,,,,,,,,,
,,,,,,,,,,,,,,,,,,,,,,,,,,,,,
,,,,,,,,,,,,,,,,,,,,,,,,,,,,,
,,,,,,,,,,,,,,,,,,,,,,,,,,,,,
,,,,,,,,,,,,,,,,,,,,,,,,,,,,,
,,,,,,,,,,,,,,,,,,,,,,,,,,,,,
,,,,,,,,,,,,,,,,,,,,,,,,,,,,,
,,,,,,,,,,,,,,,,,,,,,,,,,,,,,
,,,,,,,,,,,,,,,,,,,,,,,,,,,,,
,,,,,,,,,,,,,,,,,,,,,,,,,,,,,
,,,,,,,,,,,,,,,,,,,,,,,,,,,,,
,,,,,,,,,,,,,,,,,,,,,,,,,,,,,
,,,,,,,,,,,,,,,,,,,,,,,,,,,,,
,,,,,,,,,,,,,,,,,,,,,,,,,,,,,
,,,,,,,,,,,,,,,,,,,,,,,,,,,,,
,,,,,,,,,,,,,,,,,,,,,,,,,,,,,
,,,,,,,,,,,,,,,,,,,,,,,,,,,,,
,,,,,,,,,,,,,,,,,,,,,,,,,,,,,
,,,,,,,,,,,,,,,,,,,,,,,,,,,,,
,,,,,,,,,,,,,,,,,,,,,,,,,,,,,
,,,,,,,,,,,,,,,,,,,,,,,,,,,,,
,,,,,,,,,,,,,,,,,,,,,,,,,,,,,
,,,,,,,,,,,,,,,,,,,,,,,,,,,,,
,,,,,,,,,,,,,,,,,,,,,,,,,,,,,
,,,,,,,,,,,,,,,,,,,,,,,,,,,,,
,,,,,,,,,,,,,,,,,,,,,,,,,,,,,
,,,,,,,,,,,,,,,,,,,,,,,,,,,,,
,,,,,,,,,,,,,,,,,,,,,,,,,,,,,
,,,,,,,,,,,,,,,,,,,,,,,,,,,,,
,,,,,,,,,,,,,,,,,,,,,,,,,,,,,
,,,,,,,,,,,,,,,,,,,,,,,,,,,,,
,,,,,,,,,,,,,,,,,,,,,,,,,,,,,
,,,,,,,,,,,,,,,,,,,,,,,,,,,,,
,,,,,,,,,,,,,,,,,,,,,,,,,,,,,
,,,,,,,,,,,,,,,,,,,,,,,,,,,,,
,,,,,,,,,,,,,,,,,,,,,,,,,,,,,
,,,,,,,,,,,,,,,,,,,,,,,,,,,,,
,,,,,,,,,,,,,,,,,,,,,,,,,,,,,
,,,,,,,,,,,,,,,,,,,,,,,,,,,,,
,,,,,,,,,,,,,,,,,,,,,,,,,,,,,
,,,,,,,,,,,,,,,,,,,,,,,,,,,,,
,,,,,,,,,,,,,,,,,,,,,,,,,,,,,
,,,,,,,,,,,,,,,,,,,,,,,,,,,,,
,,,,,,,,,,,,,,,,,,,,,,,,,,,,,
,,,,,,,,,,,,,,,,,,,,,,,,,,,,,
,,,,,,,,,,,,,,,,,,,,,,,,,,,,,
,,,,,,,,,,,,,,,,,,,,,,,,,,,,,
,,,,,,,,,,,,,,,,,,,,,,,,,,,,,
,,,,,,,,,,,,,,,,,,,,,,,,,,,,,
,,,,,,,,,,,,,,,,,,,,,,,,,,,,,
,,,,,,,,,,,,,,,,,,,,,,,,,,,,,
,,,,,,,,,,,,,,,,,,,,,,,,,,,,,
,,,,,,,,,,,,,,,,,,,,,,,,,,,,,
,,,,,,,,,,,,,,,,,,,,,,,,,,,,,
,,,,,,,,,,,,,,,,,,,,,,,,,,,,,
,,,,,,,,,,,,,,,,,,,,,,,,,,,,,
,,,,,,,,,,,,,,,,,,,,,,,,,,,,,
,,,,,,,,,,,,,,,,,,,,,,,,,,,,,
,,,,,,,,,,,,,,,,,,,,,,,,,,,,,
,,,,,,,,,,,,,,,,,,,,,,,,,,,,,
,,,,,,,,,,,,,,,,,,,,,,,,,,,,,
,,,,,,,,,,,,,,,,,,,,,,,,,,,,,
,,,,,,,,,,,,,,,,,,,,,,,,,,,,,
,,,,,,,,,,,,,,,,,,,,,,,,,,,,,
,,,,,,,,,,,,,,,,,,,,,,,,,,,,,
,,,,,,,,,,,,,,,,,,,,,,,,,,,,,
,,,,,,,,,,,,,,,,,,,,,,,,,,,,,
,,,,,,,,,,,,,,,,,,,,,,,,,,,,,
,,,,,,,,,,,,,,,,,,,,,,,,,,,,,
,,,,,,,,,,,,,,,,,,,,,,,,,,,,,
,,,,,,,,,,,,,,,,,,,,,,,,,,,,,
,,,,,,,,,,,,,,,,,,,,,,,,,,,,,
,,,,,,,,,,,,,,,,,,,,,,,,,,,,,
,,,,,,,,,,,,,,,,,,,,,,,,,,,,,
,,,,,,,,,,,,,,,,,,,,,,,,,,,,,
,,,,,,,,,,,,,,,,,,,,,,,,,,,,,
,,,,,,,,,,,,,,,,,,,,,,,,,,,,,
,,,,,,,,,,,,,,,,,,,,,,,,,,,,,
,,,,,,,,,,,,,,,,,,,,,,,,,,,,,
,,,,,,,,,,,,,,,,,,,,,,,,,,,,,
,,,,,,,,,,,,,,,,,,,,,,,,,,,,,
,,,,,,,,,,,,,,,,,,,,,,,,,,,,,
,,,,,,,,,,,,,,,,,,,,,,,,,,,,,
,,,,,,,,,,,,,,,,,,,,,,,,,,,,,
,,,,,,,,,,,,,,,,,,,,,,,,,,,,,
,,,,,,,,,,,,,,,,,,,,,,,,,,,,,
,,,,,,,,,,,,,,,,,,,,,,,,,,,,,
,,,,,,,,,,,,,,,,,,,,,,,,,,,,,
,,,,,,,,,,,,,,,,,,,,,,,,,,,,,
,,,,,,,,,,,,,,,,,,,,,,,,,,,,,
,,,,,,,,,,,,,,,,,,,,,,,,,,,,,
,,,,,,,,,,,,,,,,,,,,,,,,,,,,,
,,,,,,,,,,,,,,,,,,,,,,,,,,,,,
,,,,,,,,,,,,,,,,,,,,,,,,,,,,,
,,,,,,,,,,,,,,,,,,,,,,,,,,,,,
,,,,,,,,,,,,,,,,,,,,,,,,,,,,,
,,,,,,,,,,,,,,,,,,,,,,,,,,,,,
,,,,,,,,,,,,,,,,,,,,,,,,,,,,,
,,,,,,,,,,,,,,,,,,,,,,,,,,,,,
,,,,,,,,,,,,,,,,,,,,,,,,,,,,,
,,,,,,,,,,,,,,,,,,,,,,,,,,,,,
,,,,,,,,,,,,,,,,,,,,,,,,,,,,,
,,,,,,,,,,,,,,,,,,,,,,,,,,,,,
,,,,,,,,,,,,,,,,,,,,,,,,,,,,,
,,,,,,,,,,,,,,,,,,,,,,,,,,,,,
,,,,,,,,,,,,,,,,,,,,,,,,,,,,,
,,,,,,,,,,,,,,,,,,,,,,,,,,,,,
,,,,,,,,,,,,,,,,,,,,,,,,,,,,,
,,,,,,,,,,,,,,,,,,,,,,,,,,,,,
,,,,,,,,,,,,,,,,,,,,,,,,,,,,,
,,,,,,,,,,,,,,,,,,,,,,,,,,,,,
,,,,,,,,,,,,,,,,,,,,,,,,,,,,,
,,,,,,,,,,,,,,,,,,,,,,,,,,,,,
,,,,,,,,,,,,,,,,,,,,,,,,,,,,,
,,,,,,,,,,,,,,,,,,,,,,,,,,,,,
,,,,,,,,,,,,,,,,,,,,,,,,,,,,,
,,,,,,,,,,,,,,,,,,,,,,,,,,,,,
,,,,,,,,,,,,,,,,,,,,,,,,,,,,,
,,,,,,,,,,,,,,,,,,,,,,,,,,,,,
,,,,,,,,,,,,,,,,,,,,,,,,,,,,,
,,,,,,,,,,,,,,,,,,,,,,,,,,,,,
,,,,,,,,,,,,,,,,,,,,,,,,,,,,,
,,,,,,,,,,,,,,,,,,,,,,,,,,,,,
,,,,,,,,,,,,,,,,,,,,,,,,,,,,,
,,,,,,,,,,,,,,,,,,,,,,,,,,,,,
,,,,,,,,,,,,,,,,,,,,,,,,,,,,,
,,,,,,,,,,,,,,,,,,,,,,,,,,,,,
,,,,,,,,,,,,,,,,,,,,,,,,,,,,,
,,,,,,,,,,,,,,,,,,,,,,,,,,,,,
,,,,,,,,,,,,,,,,,,,,,,,,,,,,,
,,,,,,,,,,,,,,,,,,,,,,,,,,,,,
,,,,,,,,,,,,,,,,,,,,,,,,,,,,,
,,,,,,,,,,,,,,,,,,,,,,,,,,,,,
,,,,,,,,,,,,,,,,,,,,,,,,,,,,,
,,,,,,,,,,,,,,,,,,,,,,,,,,,,,
,,,,,,,,,,,,,,,,,,,,,,,,,,,,,
,,,,,,,,,,,,,,,,,,,,,,,,,,,,,
,,,,,,,,,,,,,,,,,,,,,,,,,,,,,
,,,,,,,,,,,,,,,,,,,,,,,,,,,,,
,,,,,,,,,,,,,,,,,,,,,,,,,,,,,
,,,,,,,,,,,,,,,,,,,,,,,,,,,,,
,,,,,,,,,,,,,,,,,,,,,,,,,,,,,
,,,,,,,,,,,,,,,,,,,,,,,,,,,,,
,,,,,,,,,,,,,,,,,,,,,,,,,,,,,
,,,,,,,,,,,,,,,,,,,,,,,,,,,,,
,,,,,,,,,,,,,,,,,,,,,,,,,,,,,
,,,,,,,,,,,,,,,,,,,,,,,,,,,,,
,,,,,,,,,,,,,,,,,,,,,,,,,,,,,
,,,,,,,,,,,,,,,,,,,,,,,,,,,,,
,,,,,,,,,,,,,,,,,,,,,,,,,,,,,
,,,,,,,,,,,,,,,,,,,,,,,,,,,,,
,,,,,,,,,,,,,,,,,,,,,,,,,,,,,
,,,,,,,,,,,,,,,,,,,,,,,,,,,,,
,,,,,,,,,,,,,,,,,,,,,,,,,,,,,
,,,,,,,,,,,,,,,,,,,,,,,,,,,,,
,,,,,,,,,,,,,,,,,,,,,,,,,,,,,
,,,,,,,,,,,,,,,,,,,,,,,,,,,,,
,,,,,,,,,,,,,,,,,,,,,,,,,,,,,
,,,,,,,,,,,,,,,,,,,,,,,,,,,,,
,,,,,,,,,,,,,,,,,,,,,,,,,,,,,
,,,,,,,,,,,,,,,,,,,,,,,,,,,,,
,,,,,,,,,,,,,,,,,,,,,,,,,,,,,
,,,,,,,,,,,,,,,,,,,,,,,,,,,,,
,,,,,,,,,,,,,,,,,,,,,,,,,,,,,
,,,,,,,,,,,,,,,,,,,,,,,,,,,,,
,,,,,,,,,,,,,,,,,,,,,,,,,,,,,
,,,,,,,,,,,,,,,,,,,,,,,,,,,,,
,,,,,,,,,,,,,,,,,,,,,,,,,,,,,
,,,,,,,,,,,,,,,,,,,,,,,,,,,,,
,,,,,,,,,,,,,,,,,,,,,,,,,,,,,
,,,,,,,,,,,,,,,,,,,,,,,,,,,,,
,,,,,,,,,,,,,,,,,,,,,,,,,,,,,
,,,,,,,,,,,,,,,,,,,,,,,,,,,,,
,,,,,,,,,,,,,,,,,,,,,,,,,,,,,
,,,,,,,,,,,,,,,,,,,,,,,,,,,,,
,,,,,,,,,,,,,,,,,,,,,,,,,,,,,
,,,,,,,,,,,,,,,,,,,,,,,,,,,,,
,,,,,,,,,,,,,,,,,,,,,,,,,,,,,
,,,,,,,,,,,,,,,,,,,,,,,,,,,,,
,,,,,,,,,,,,,,,,,,,,,,,,,,,,,
,,,,,,,,,,,,,,,,,,,,,,,,,,,,,
,,,,,,,,,,,,,,,,,,,,,,,,,,,,,
,,,,,,,,,,,,,,,,,,,,,,,,,,,,,
,,,,,,,,,,,,,,,,,,,,,,,,,,,,,
,,,,,,,,,,,,,,,,,,,,,,,,,,,,,
,,,,,,,,,,,,,,,,,,,,,,,,,,,,,
,,,,,,,,,,,,,,,,,,,,,,,,,,,,,
,,,,,,,,,,,,,,,,,,,,,,,,,,,,,
,,,,,,,,,,,,,,,,,,,,,,,,,,,,,
,,,,,,,,,,,,,,,,,,,,,,,,,,,,,
,,,,,,,,,,,,,,,,,,,,,,,,,,,,,
,,,,,,,,,,,,,,,,,,,,,,,,,,,,,
,,,,,,,,,,,,,,,,,,,,,,,,,,,,,
,,,,,,,,,,,,,,,,,,,,,,,,,,,,,
,,,,,,,,,,,,,,,,,,,,,,,,,,,,,
,,,,,,,,,,,,,,,,,,,,,,,,,,,,,
,,,,,,,,,,,,,,,,,,,,,,,,,,,,,
,,,,,,,,,,,,,,,,,,,,,,,,,,,,,
,,,,,,,,,,,,,,,,,,,,,,,,,,,,,
,,,,,,,,,,,,,,,,,,,,,,,,,,,,,
,,,,,,,,,,,,,,,,,,,,,,,,,,,,,
,,,,,,,,,,,,,,,,,,,,,,,,,,,,,
,,,,,,,,,,,,,,,,,,,,,,,,,,,,,
,,,,,,,,,,,,,,,,,,,,,,,,,,,,,
,,,,,,,,,,,,,,,,,,,,,,,,,,,,,
,,,,,,,,,,,,,,,,,,,,,,,,,,,,,
,,,,,,,,,,,,,,,,,,,,,,,,,,,,,
,,,,,,,,,,,,,,,,,,,,,,,,,,,,,
,,,,,,,,,,,,,,,,,,,,,,,,,,,,,
,,,,,,,,,,,,,,,,,,,,,,,,,,,,,
,,,,,,,,,,,,,,,,,,,,,,,,,,,,,
,,,,,,,,,,,,,,,,,,,,,,,,,,,,,
,,,,,,,,,,,,,,,,,,,,,,,,,,,,,
,,,,,,,,,,,,,,,,,,,,,,,,,,,,,
,,,,,,,,,,,,,,,,,,,,,,,,,,,,,
,,,,,,,,,,,,,,,,,,,,,,,,,,,,,
,,,,,,,,,,,,,,,,,,,,,,,,,,,,,
,,,,,,,,,,,,,,,,,,,,,,,,,,,,,
,,,,,,,,,,,,,,,,,,,,,,,,,,,,,
,,,,,,,,,,,,,,,,,,,,,,,,,,,,,
,,,,,,,,,,,,,,,,,,,,,,,,,,,,,
,,,,,,,,,,,,,,,,,,,,,,,,,,,,,
,,,,,,,,,,,,,,,,,,,,,,,,,,,,,
,,,,,,,,,,,,,,,,,,,,,,,,,,,,,
,,,,,,,,,,,,,,,,,,,,,,,,,,,,,
,,,,,,,,,,,,,,,,,,,,,,,,,,,,,
,,,,,,,,,,,,,,,,,,,,,,,,,,,,,
,,,,,,,,,,,,,,,,,,,,,,,,,,,,,
,,,,,,,,,,,,,,,,,,,,,,,,,,,,,
,,,,,,,,,,,,,,,,,,,,,,,,,,,,,
,,,,,,,,,,,,,,,,,,,,,,,,,,,,,
,,,,,,,,,,,,,,,,,,,,,,,,,,,,,
,,,,,,,,,,,,,,,,,,,,,,,,,,,,,
,,,,,,,,,,,,,,,,,,,,,,,,,,,,,
,,,,,,,,,,,,,,,,,,,,,,,,,,,,,
,,,,,,,,,,,,,,,,,,,,,,,,,,,,,
,,,,,,,,,,,,,,,,,,,,,,,,,,,,,
,,,,,,,,,,,,,,,,,,,,,,,,,,,,,
,,,,,,,,,,,,,,,,,,,,,,,,,,,,,
,,,,,,,,,,,,,,,,,,,,,,,,,,,,,
,,,,,,,,,,,,,,,,,,,,,,,,,,,,,
,,,,,,,,,,,,,,,,,,,,,,,,,,,,,
,,,,,,,,,,,,,,,,,,,,,,,,,,,,,
,,,,,,,,,,,,,,,,,,,,,,,,,,,,,
,,,,,,,,,,,,,,,,,,,,,,,,,,,,,
,,,,,,,,,,,,,,,,,,,,,,,,,,,,,
,,,,,,,,,,,,,,,,,,,,,,,,,,,,,
,,,,,,,,,,,,,,,,,,,,,,,,,,,,,
,,,,,,,,,,,,,,,,,,,,,,,,,,,,,
,,,,,,,,,,,,,,,,,,,,,,,,,,,,,
,,,,,,,,,,,,,,,,,,,,,,,,,,,,,
,,,,,,,,,,,,,,,,,,,,,,,,,,,,,
,,,,,,,,,,,,,,,,,,,,,,,,,,,,,
,,,,,,,,,,,,,,,,,,,,,,,,,,,,,
,,,,,,,,,,,,,,,,,,,,,,,,,,,,,
,,,,,,,,,,,,,,,,,,,,,,,,,,,,,
,,,,,,,,,,,,,,,,,,,,,,,,,,,,,
,,,,,,,,,,,,,,,,,,,,,,,,,,,,,
,,,,,,,,,,,,,,,,,,,,,,,,,,,,,
,,,,,,,,,,,,,,,,,,,,,,,,,,,,,
,,,,,,,,,,,,,,,,,,,,,,,,,,,,,
,,,,,,,,,,,,,,,,,,,,,,,,,,,,,
,,,,,,,,,,,,,,,,,,,,,,,,,,,,,
,,,,,,,,,,,,,,,,,,,,,,,,,,,,,
,,,,,,,,,,,,,,,,,,,,,,,,,,,,,
,,,,,,,,,,,,,,,,,,,,,,,,,,,,,
,,,,,,,,,,,,,,,,,,,,,,,,,,,,,
,,,,,,,,,,,,,,,,,,,,,,,,,,,,,
,,,,,,,,,,,,,,,,,,,,,,,,,,,,,
,,,,,,,,,,,,,,,,,,,,,,,,,,,,,
,,,,,,,,,,,,,,,,,,,,,,,,,,,,,
,,,,,,,,,,,,,,,,,,,,,,,,,,,,,
,,,,,,,,,,,,,,,,,,,,,,,,,,,,,
,,,,,,,,,,,,,,,,,,,,,,,,,,,,,
,,,,,,,,,,,,,,,,,,,,,,,,,,,,,
,,,,,,,,,,,,,,,,,,,,,,,,,,,,,
,,,,,,,,,,,,,,,,,,,,,,,,,,,,,
,,,,,,,,,,,,,,,,,,,,,,,,,,,,,
,,,,,,,,,,,,,,,,,,,,,,,,,,,,,
,,,,,,,,,,,,,,,,,,,,,,,,,,,,,
,,,,,,,,,,,,,,,,,,,,,,,,,,,,,
,,,,,,,,,,,,,,,,,,,,,,,,,,,,,
,,,,,,,,,,,,,,,,,,,,,,,,,,,,,
,,,,,,,,,,,,,,,,,,,,,,,,,,,,,
,,,,,,,,,,,,,,,,,,,,,,,,,,,,,
,,,,,,,,,,,,,,,,,,,,,,,,,,,,,
,,,,,,,,,,,,,,,,,,,,,,,,,,,,,
,,,,,,,,,,,,,,,,,,,,,,,,,,,,,
,,,,,,,,,,,,,,,,,,,,,,,,,,,,,
,,,,,,,,,,,,,,,,,,,,,,,,,,,,,
,,,,,,,,,,,,,,,,,,,,,,,,,,,,,
,,,,,,,,,,,,,,,,,,,,,,,,,,,,,
,,,,,,,,,,,,,,,,,,,,,,,,,,,,,
,,,,,,,,,,,,,,,,,,,,,,,,,,,,,
,,,,,,,,,,,,,,,,,,,,,,,,,,,,,
,,,,,,,,,,,,,,,,,,,,,,,,,,,,,
,,,,,,,,,,,,,,,,,,,,,,,,,,,,,
,,,,,,,,,,,,,,,,,,,,,,,,,,,,,
,,,,,,,,,,,,,,,,,,,,,,,,,,,,,
,,,,,,,,,,,,,,,,,,,,,,,,,,,,,
,,,,,,,,,,,,,,,,,,,,,,,,,,,,,
,,,,,,,,,,,,,,,,,,,,,,,,,,,,,
,,,,,,,,,,,,,,,,,,,,,,,,,,,,,
,,,,,,,,,,,,,,,,,,,,,,,,,,,,,
,,,,,,,,,,,,,,,,,,,,,,,,,,,,,
,,,,,,,,,,,,,,,,,,,,,,,,,,,,,
,,,,,,,,,,,,,,,,,,,,,,,,,,,,,
,,,,,,,,,,,,,,,,,,,,,,,,,,,,,
,,,,,,,,,,,,,,,,,,,,,,,,,,,,,
,,,,,,,,,,,,,,,,,,,,,,,,,,,,,
,,,,,,,,,,,,,,,,,,,,,,,,,,,,,
,,,,,,,,,,,,,,,,,,,,,,,,,,,,,
,,,,,,,,,,,,,,,,,,,,,,,,,,,,,
,,,,,,,,,,,,,,,,,,,,,,,,,,,,,
,,,,,,,,,,,,,,,,,,,,,,,,,,,,,
,,,,,,,,,,,,,,,,,,,,,,,,,,,,,
,,,,,,,,,,,,,,,,,,,,,,,,,,,,,
,,,,,,,,,,,,,,,,,,,,,,,,,,,,,
,,,,,,,,,,,,,,,,,,,,,,,,,,,,,
,,,,,,,,,,,,,,,,,,,,,,,,,,,,,
,,,,,,,,,,,,,,,,,,,,,,,,,,,,,
,,,,,,,,,,,,,,,,,,,,,,,,,,,,,
,,,,,,,,,,,,,,,,,,,,,,,,,,,,,
,,,,,,,,,,,,,,,,,,,,,,,,,,,,,
,,,,,,,,,,,,,,,,,,,,,,,,,,,,,
,,,,,,,,,,,,,,,,,,,,,,,,,,,,,
,,,,,,,,,,,,,,,,,,,,,,,,,,,,,
,,,,,,,,,,,,,,,,,,,,,,,,,,,,,
,,,,,,,,,,,,,,,,,,,,,,,,,,,,,
,,,,,,,,,,,,,,,,,,,,,,,,,,,,,
,,,,,,,,,,,,,,,,,,,,,,,,,,,,,
,,,,,,,,,,,,,,,,,,,,,,,,,,,,,
,,,,,,,,,,,,,,,,,,,,,,,,,,,,,
,,,,,,,,,,,,,,,,,,,,,,,,,,,,,
,,,,,,,,,,,,,,,,,,,,,,,,,,,,,
,,,,,,,,,,,,,,,,,,,,,,,,,,,,,
,,,,,,,,,,,,,,,,,,,,,,,,,,,,,
,,,,,,,,,,,,,,,,,,,,,,,,,,,,,
,,,,,,,,,,,,,,,,,,,,,,,,,,,,,
,,,,,,,,,,,,,,,,,,,,,,,,,,,,,
,,,,,,,,,,,,,,,,,,,,,,,,,,,,,
,,,,,,,,,,,,,,,,,,,,,,,,,,,,,
,,,,,,,,,,,,,,,,,,,,,,,,,,,,,
,,,,,,,,,,,,,,,,,,,,,,,,,,,,,
,,,,,,,,,,,,,,,,,,,,,,,,,,,,,
,,,,,,,,,,,,,,,,,,,,,,,,,,,,,
,,,,,,,,,,,,,,,,,,,,,,,,,,,,,
,,,,,,,,,,,,,,,,,,,,,,,,,,,,,
,,,,,,,,,,,,,,,,,,,,,,,,,,,,,
,,,,,,,,,,,,,,,,,,,,,,,,,,,,,
,,,,,,,,,,,,,,,,,,,,,,,,,,,,,
,,,,,,,,,,,,,,,,,,,,,,,,,,,,,
,,,,,,,,,,,,,,,,,,,,,,,,,,,,,
,,,,,,,,,,,,,,,,,,,,,,,,,,,,,
,,,,,,,,,,,,,,,,,,,,,,,,,,,,,
,,,,,,,,,,,,,,,,,,,,,,,,,,,,,
,,,,,,,,,,,,,,,,,,,,,,,,,,,,,
,,,,,,,,,,,,,,,,,,,,,,,,,,,,,
,,,,,,,,,,,,,,,,,,,,,,,,,,,,,
,,,,,,,,,,,,,,,,,,,,,,,,,,,,,
,,,,,,,,,,,,,,,,,,,,,,,,,,,,,
,,,,,,,,,,,,,,,,,,,,,,,,,,,,,
,,,,,,,,,,,,,,,,,,,,,,,,,,,,,
,,,,,,,,,,,,,,,,,,,,,,,,,,,,,
,,,,,,,,,,,,,,,,,,,,,,,,,,,,,
,,,,,,,,,,,,,,,,,,,,,,,,,,,,,
,,,,,,,,,,,,,,,,,,,,,,,,,,,,,
,,,,,,,,,,,,,,,,,,,,,,,,,,,,,
,,,,,,,,,,,,,,,,,,,,,,,,,,,,,
,,,,,,,,,,,,,,,,,,,,,,,,,,,,,
,,,,,,,,,,,,,,,,,,,,,,,,,,,,,
,,,,,,,,,,,,,,,,,,,,,,,,,,,,,
,,,,,,,,,,,,,,,,,,,,,,,,,,,,,
,,,,,,,,,,,,,,,,,,,,,,,,,,,,,
,,,,,,,,,,,,,,,,,,,,,,,,,,,,,
,,,,,,,,,,,,,,,,,,,,,,,,,,,,,
,,,,,,,,,,,,,,,,,,,,,,,,,,,,,
,,,,,,,,,,,,,,,,,,,,,,,,,,,,,
,,,,,,,,,,,,,,,,,,,,,,,,,,,,,
,,,,,,,,,,,,,,,,,,,,,,,,,,,,,
,,,,,,,,,,,,,,,,,,,,,,,,,,,,,
,,,,,,,,,,,,,,,,,,,,,,,,,,,,,
,,,,,,,,,,,,,,,,,,,,,,,,,,,,,
,,,,,,,,,,,,,,,,,,,,,,,,,,,,,
,,,,,,,,,,,,,,,,,,,,,,,,,,,,,
,,,,,,,,,,,,,,,,,,,,,,,,,,,,,
,,,,,,,,,,,,,,,,,,,,,,,,,,,,,
,,,,,,,,,,,,,,,,,,,,,,,,,,,,,
,,,,,,,,,,,,,,,,,,,,,,,,,,,,,
,,,,,,,,,,,,,,,,,,,,,,,,,,,,,
,,,,,,,,,,,,,,,,,,,,,,,,,,,,,
,,,,,,,,,,,,,,,,,,,,,,,,,,,,,
,,,,,,,,,,,,,,,,,,,,,,,,,,,,,
,,,,,,,,,,,,,,,,,,,,,,,,,,,,,
,,,,,,,,,,,,,,,,,,,,,,,,,,,,,
,,,,,,,,,,,,,,,,,,,,,,,,,,,,,
,,,,,,,,,,,,,,,,,,,,,,,,,,,,,
,,,,,,,,,,,,,,,,,,,,,,,,,,,,,
,,,,,,,,,,,,,,,,,,,,,,,,,,,,,
,,,,,,,,,,,,,,,,,,,,,,,,,,,,,
,,,,,,,,,,,,,,,,,,,,,,,,,,,,,
,,,,,,,,,,,,,,,,,,,,,,,,,,,,,
,,,,,,,,,,,,,,,,,,,,,,,,,,,,,
,,,,,,,,,,,,,,,,,,,,,,,,,,,,,
,,,,,,,,,,,,,,,,,,,,,,,,,,,,,
,,,,,,,,,,,,,,,,,,,,,,,,,,,,,
,,,,,,,,,,,,,,,,,,,,,,,,,,,,,
,,,,,,,,,,,,,,,,,,,,,,,,,,,,,
,,,,,,,,,,,,,,,,,,,,,,,,,,,,,
,,,,,,,,,,,,,,,,,,,,,,,,,,,,,
,,,,,,,,,,,,,,,,,,,,,,,,,,,,,
,,,,,,,,,,,,,,,,,,,,,,,,,,,,,
,,,,,,,,,,,,,,,,,,,,,,,,,,,,,
,,,,,,,,,,,,,,,,,,,,,,,,,,,,,
,,,,,,,,,,,,,,,,,,,,,,,,,,,,,
,,,,,,,,,,,,,,,,,,,,,,,,,,,,,
,,,,,,,,,,,,,,,,,,,,,,,,,,,,,
,,,,,,,,,,,,,,,,,,,,,,,,,,,,,
,,,,,,,,,,,,,,,,,,,,,,,,,,,,,
,,,,,,,,,,,,,,,,,,,,,,,,,,,,,
,,,,,,,,,,,,,,,,,,,,,,,,,,,,,
,,,,,,,,,,,,,,,,,,,,,,,,,,,,,
,,,,,,,,,,,,,,,,,,,,,,,,,,,,,
,,,,,,,,,,,,,,,,,,,,,,,,,,,,,
,,,,,,,,,,,,,,,,,,,,,,,,,,,,,
,,,,,,,,,,,,,,,,,,,,,,,,,,,,,
,,,,,,,,,,,,,,,,,,,,,,,,,,,,,
,,,,,,,,,,,,,,,,,,,,,,,,,,,,,
,,,,,,,,,,,,,,,,,,,,,,,,,,,,,
,,,,,,,,,,,,,,,,,,,,,,,,,,,,,
,,,,,,,,,,,,,,,,,,,,,,,,,,,,,
,,,,,,,,,,,,,,,,,,,,,,,,,,,,,
,,,,,,,,,,,,,,,,,,,,,,,,,,,,,
,,,,,,,,,,,,,,,,,,,,,,,,,,,,,
,,,,,,,,,,,,,,,,,,,,,,,,,,,,,
,,,,,,,,,,,,,,,,,,,,,,,,,,,,,
,,,,,,,,,,,,,,,,,,,,,,,,,,,,,
,,,,,,,,,,,,,,,,,,,,,,,,,,,,,
,,,,,,,,,,,,,,,,,,,,,,,,,,,,,
,,,,,,,,,,,,,,,,,,,,,,,,,,,,,
,,,,,,,,,,,,,,,,,,,,,,,,,,,,,
,,,,,,,,,,,,,,,,,,,,,,,,,,,,,
,,,,,,,,,,,,,,,,,,,,,,,,,,,,,
,,,,,,,,,,,,,,,,,,,,,,,,,,,,,
,,,,,,,,,,,,,,,,,,,,,,,,,,,,,
,,,,,,,,,,,,,,,,,,,,,,,,,,,,,
,,,,,,,,,,,,,,,,,,,,,,,,,,,,,
,,,,,,,,,,,,,,,,,,,,,,,,,,,,,
,,,,,,,,,,,,,,,,,,,,,,,,,,,,,
,,,,,,,,,,,,,,,,,,,,,,,,,,,,,
,,,,,,,,,,,,,,,,,,,,,,,,,,,,,
,,,,,,,,,,,,,,,,,,,,,,,,,,,,,
,,,,,,,,,,,,,,,,,,,,,,,,,,,,,
,,,,,,,,,,,,,,,,,,,,,,,,,,,,,
,,,,,,,,,,,,,,,,,,,,,,,,,,,,,
,,,,,,,,,,,,,,,,,,,,,,,,,,,,,
,,,,,,,,,,,,,,,,,,,,,,,,,,,,,
,,,,,,,,,,,,,,,,,,,,,,,,,,,,,
,,,,,,,,,,,,,,,,,,,,,,,,,,,,,
,,,,,,,,,,,,,,,,,,,,,,,,,,,,,
,,,,,,,,,,,,,,,,,,,,,,,,,,,,,
,,,,,,,,,,,,,,,,,,,,,,,,,,,,,
,,,,,,,,,,,,,,,,,,,,,,,,,,,,,
,,,,,,,,,,,,,,,,,,,,,,,,,,,,,
,,,,,,,,,,,,,,,,,,,,,,,,,,,,,
,,,,,,,,,,,,,,,,,,,,,,,,,,,,,
,,,,,,,,,,,,,,,,,,,,,,,,,,,,,
,,,,,,,,,,,,,,,,,,,,,,,,,,,,,
,,,,,,,,,,,,,,,,,,,,,,,,,,,,,
,,,,,,,,,,,,,,,,,,,,,,,,,,,,,
,,,,,,,,,,,,,,,,,,,,,,,,,,,,,
,,,,,,,,,,,,,,,,,,,,,,,,,,,,,
,,,,,,,,,,,,,,,,,,,,,,,,,,,,,
,,,,,,,,,,,,,,,,,,,,,,,,,,,,,
,,,,,,,,,,,,,,,,,,,,,,,,,,,,,
,,,,,,,,,,,,,,,,,,,,,,,,,,,,,
