Date,Time (approx),Sample ID,Site,Shell treatment,Stratum,Collection type,Water/Sed  Temp,pH temp,Salinity,DO_mg_L,pH_total_scale,pH_NBS,DIC ,Field Alkalinity,MMA Alkalinity,Lab Alkalinity,Alkalinity,Data Flag,Flag comment,pH (DIC/Alk),pCO2 (DIC/Alk),Omega_Ar (DIC/Alk),pH (pH/Alk),pCO2 (pH/Alk),Omega_Ar (pH/Alk),pH (pH/DIC),pCO2 (pH/DIC),Omega_Ar (pH/DIC),pH_questionable_BW,pH_total_scale_final,pCO2_final,Omega_Ar_final,Calculation method,Note
5/22/2022,11:43 AM,,East Dennis,outside cage,Bottom water,outside cage,23.6,22.5,32.19,9.31,7.717,,1961.64,,,2196.42,2196.42,Questionable,pH appears low suggest using CO@Sys output from DIC/Alk,7.972,480.4,2.81,7.700,986.7,1.65,7.700,930.6,1.56,,7.972,480.370,2.813,DIC/ALK,
6/1/2022,8:45 AM,,East Dennis (aquaculture),outside cage,Bottom water,No Shell,16.5,16.2,29.72,8.25,7.828,,2203.16,,,2352.76,2352.76,NBS,pH converted to total scale from NBS (7.963),7.907,626.0,1.96,7.824,763.5,1.53,7.824,750.7,1.51,,7.824,763.5,1.53,pH/ALK,
6/17/2022,~7:30 AM,,East Dennis,outside cage,Bottom water,monitoring,18.7,20.2,32.31,7.89,7.987,,1977.58,,,2109.71,2109.71,,,7.822,686.8,1.68,8.011,417.0,2.43,8.011,434.2,2.53,,8.011,416.950,2.430,pH/ALK,Data in white binder
6/28/2022,5:50 AM,,East Dennis,outside cage,Bottom water,outside cage,18.6,18.3,30.57,5.73,7.627,,2304.90,,,2341.01,2341.01,Questionable,low pH and high DIC and Alk,7.547,1543.4,1.02,7.623,1279.1,1.19,7.623,1293.0,1.21,7.623,7.623,,,pH only,"low pH does correspond to lower DO than other days: 5.73-5.85 on 6/28/23 and 6/29/23. This also corresponds with collection just around sunrise. However, pH's were measured at MMA. "
7/18/2022,~8:30 AM,142,East Dennis,outside cage,Bottom water,monitoring,24.9,28.9,31.91,8.13,7.864,,1939.29,,,1995.5,1995.50,Questionable,Low pH output from CO2Sys using DIC/ Alk  combo,7.520,1413.7,1.08,7.925,493.8,2.44,7.925,534.9,2.64,,7.925,493.844,2.439,pH/ALK,
8/4/2022,9:16 AM,1,East Dennis,outside cage,Bottom water,outside cage,24.9,23.0,33.03,9.07,8.096,,1891.26,,,2068.56,2068.56,,,7.837,645.0,2.17,8.066,341.9,3.31,8.066,363.7,3.52,,8.066,341.892,3.311,pH/ALK,
8/14/2022,~9:30 AM,823,East Dennis,outside cage,Bottom water,monitoring,20.0,20.7,30.08,8.23,7.986,,2060.66,2179.30,,,2179.30,,,7.786,793.9,1.64,7.997,455.7,2.48,7.997,475.7,2.59,,7.997,455.700,2.485,pH/ALK,
8/28/2022,~6:20 PM,,East Dennis,outside cage,Bottom water,outside cage,22.6,22.4,32.39,6.20,8.097,,2281.40,,,2500.34,2500.34,,,7.912,645.3,2.78,8.094,391.1,3.88,8.094,409.8,4.07,,8.094,391.122,3.884,pH/ALK,
9/11/2022,~7:15 AM,,East Dennis,outside cage,Bottom water,outside cage,23.8,23.7,33.02,7.38,,7.928 NBS,,,,,,,,,,,,,,,,,,,,,,Clam collection. No carbonate chemistry samples taken. 
6/17/2022,~7:30 AM,,Eel Pond,outside cage,Bottom water,monitoring,21.3,21.5,31.40,6.30,7.763,,1977.99,,,2015.37,2015.37,Questionable,Low pH output from CO2Sys using DIC/ Alk  combo,7.511,1453.6,0.92,7.766,765.4,1.56,7.766,798.0,1.63,,7.766,765.404,1.563,pH/ALK,"Transport clams to Eel Pond, start of Expt 1. "
6/30/2022,~6 AM,,Eel Pond,outside cage,Bottom water,monitoring,23.0,13.8,32.06,6.96,7.996,,1928.42,,,2048.83,2048.83,,,7.735,839.9,1.61,7.852,618.7,2.04,7.852,633.7,2.08,,7.852,618.678,2.036,pH/ALK,
7/15/2022,~6:45 AM,126,Eel Pond,outside cage,Bottom water,monitoring,25.5,28.2,31.42,6.45,7.848,,1825.44,,,1895.46,1895.46,Questionable,Low pH output from CO2Sys using DIC/ Alk  combo,7.568,1195.4,1.15,7.889,517.9,2.19,7.889,552.4,2.34,,7.889,517.933,2.195,pH/ALK,
8/1/2022,~7:30 AM,1,Eel Pond,outside cage,Bottom water,outside cage,25.6,23.5,32.76,5.99,7.832,,1925.31,,,2005.85,2005.85,Questionable,Low pH output from CO2Sys using DIC/ Alk  combo,7.578,1225.2,1.28,7.800,688.9,2.01,7.800,719.3,2.09,,7.800,688.921,2.006,pH/ALK,
8/15/2022,~9:30 AM,831,Eel Pond,outside cage,Bottom water,monitoring,23.9,27.9,32.80,6.50,7.814,,1918.44,2038.30,,,2038.30,,,7.713,881.0,1.61,7.875,575.7,2.21,7.875,595.5,2.29,,7.875,575.670,2.210,pH/ALK,
8/30/2022,~7:40 PM,,Eel Pond,outside cage,Bottom water,outside cage,25.0,28.4,32.81,5.96,7.752,,1909.12,,,1993.23,1993.23,Questionable,Low pH output from CO2Sys using DIC/ Alk  combo,7.597,1157.4,1.29,7.803,680.3,1.96,7.803,707.9,2.04,,7.803,680.341,1.959,pH/ALK,
9/11/2022,~7:40 PM,,Eel Pond,outside cage,Bottom water,,23.8,23.7,33.02,7.38,,7.978 NBS,,,,,,,Only oxygen data,,,,,,,,,,,,,,,Clam collection. No carbonate chemistry samples taken. No tris offset recorded. Just in-situ pH. 
9/28/2022,~8:00 AM?,,Eel Pond,outside cage,Bottom water,,18.8,,31.58,7.28,,,,,,,,,Only oxygen data,,,,,,,,,,,,,,,
10/12/2022,~7:30 AM,204,Eel Pond,outside cage,Bottom water,outside cage,15.4,16.1,31.56,7.93,7.845,,1842.06,2000.12,,,2000.12,,,7.964,448.5,1.84,7.856,595.1,1.48,7.856,582.6,1.45,,7.856,595.096,1.478,pH/ALK,
10/24/2022,~5:00 PM,215,Eel Pond,outside cage,Bottom water,monitoring,16.1,16.4,31.75,8.03,7.925,,1884.68,2032.84,,,2032.84,,,7.921,511.1,1.77,7.930,499.5,1.80,7.930,500.4,1.80,,7.930,499.509,1.797,pH/ALK,
11/6/2022,~3:30 PM,268,Eel Pond,outside cage,Bottom water,monitoring,17.3,18.4,32.29,8.53,7.932,,1861.24,1974.02,,,1974.02,,,7.804,670.6,1.43,7.949,459.2,1.91,7.949,472.7,1.97,,7.949,459.208,1.913,pH/ALK,
11/28/2022,~8:30 AM,288,Eel Pond,outside cage,Bottom water,outside cage,9.2,13.9,32.36,5.89,7.914,,1952.11,2040.97,,,2040.97,,,7.849,598.7,1.18,7.989,418.3,1.57,7.989,428.6,1.61,,7.989,418.341,1.567,pH/ALK,
12/5/2022,~3:20 PM,318,Eel Pond,outside cage,Bottom water,monitoring,8.1,7.6,31.28,10.04,8.022,,1991.08,2097.77,,,2097.77,,,7.930,501.5,1.34,8.014,404.5,1.59,8.014,410.4,1.61,,8.014,404.472,1.591,pH/ALK,
1/20/2023,~3:30 PM,343,Eel Pond,outside cage,Bottom water,monitoring,4.5,7.1,29.80,11.27,8.010,,1893.92,1946.97,,,1946.97,,,7.832,583.8,0.85,8.053,334.9,1.34,8.053,346.4,1.39,,8.053,334.879,1.342,pH/ALK,
2/24/2023,~8:30 AM,390,Eel Pond,outside cage,Bottom water,monitoring,5.0,11.9,30.20,10.82,7.960,,1983.78,1970.17,,,1970.17,Questionable,DIC higher than Alk - use pH and Alk in CO2Sys,7.555,1160.5,0.48,8.073,322.2,1.46,8.073,346.7,1.57,,8.073,322.224,1.455,pH/ALK,
3/23/2023,~6:15 AM,423,Eel Pond,outside cage,Bottom water,monitoring,7.6,18.8,29.51,10.55,7.888,,1945.26,2061.87,,,2061.87,,,7.994,422.3,1.42,8.067,349.4,1.65,8.067,354.0,1.67,,8.067,349.447,1.651,pH/ALK,
4/19/2023,~4:45 PM,441,Eel Pond,outside cage,Bottom water,monitoring,12.7,15.1,31.50,9.37,7.926,,1990.89,2204.25,,,2204.25,,,8.110,334.9,2.42,7.964,492.6,1.82,7.964,477.6,1.77,,7.964,492.560,1.825,pH/ALK,
5/8/2023,~7:30 AM,465,Eel Pond,outside cage,Bottom water,monitoring,15.2,22.7,30.59,8.06,7.848,,1886.24,2176.99,,,2176.99,,,8.236,234.7,3.26,7.965,492.0,1.96,7.965,460.7,1.83,,7.965,492.043,1.958,pH/ALK,
6/9/2023,~10:30 AM,,Eel Pond,outside cage,Bottom water,No Shell,18.5,18.7,30.93,7.22,7.763,,1908.01,2103.83,,,2103.83,,No final outside cage BW measurement. Using No Shell BW measurement,8.000,433.4,2.31,7.766,798.5,1.45,7.766,762.1,1.38,,7.766,798.5,1.45,replacement pH/ALK,
5/18/2022,~7:40 AM,,Provincetown,outside cage,Bottom water,monitoring,12.6,,31.96,7.87,7.460,,,,,,,,,,,,,,,,,,,,,,,"Black residue, Collection days were May 16 - May 18."
5/21/2022,10:40 AM,,Provincetown,outside cage,Bottom water,outside cage,19.0,22.4,31.82,9.59,7.701,,1942.40,,,2142.10,2142.10,,,7.983,457.9,2.35,7.751,840.3,1.48,7.751,802.1,1.42,7.751,,,,questionable,pH does not match value expected based on DO.
6/2/2022,8:00 AM,,Provincetown,outside cage,Bottom water,No Shell,16.8,17.6,31.67,8.17,7.973,,1977.30,,,2103.55,2103.55,NBS,pH converted to total scale from NBS (8.109),7.844,647.8,1.61,7.985,442.1,1.98,7.985,453.1,2.03,,7.985,442.1,1.98,pH/ALK,
6/15/2022,AM,,Provincetown,outside cage,Bottom water,monitoring,18.6,19.1,32.57,7.39,7.900,,2428.93,,2166.40,2166.40,2166.40,Questionable,DIC higher than Alk - use pH and Alk in CO2Sys - pH converted to total scale from NBS (8.038),6.807,8215.2,0.19,7.907,556.1,1.90,7.908,673.0,2.30,,7.907,556.107,1.897,pH/ALK,"Black residue in sample, so DIC is bad. Alk was performed in field, so can use these values. "
7/1/2022,~7:30 AM,,Provincetown,outside cage,Bottom water,outside cage,21.7,11.1,32.67,7.75,8.174,,1932.26,,,2141.00,2141.00,,,7.950,496.3,2.47,8.003,429.8,2.72,8.002,435.7,2.76,,8.003,429.848,2.725,pH/ALK,
7/14/2022,~6:30 AM,116,Provincetown,outside cage,Bottom water,monitoring,21.7,23.1,32.95,6.32,7.914,,2020.98,,,2153.90,2153.90,,"Note that on this day the transplant site DO was 4.65, while the monitoring site DO was 6.32",7.767,809.4,1.74,7.936,518.0,2.43,7.936,537.0,2.52,,7.936,517.965,2.427,pH/ALK,
8/3/2022,~9:15 AM,1,Provincetown,outside cage,Bottom water,outside cage,24.5,10.5,32.82,7.28,8.155,,1971.36,,,2125.05,2125.05,,,7.782,768.2,1.97,7.931,515.4,2.62,7.930,533.8,2.71,,7.931,515.429,2.624,pH/ALK,
8/14/2022,~8:30 AM,812,Provincetown,outside cage,Bottom water,monitoring,16.6,20.9,32.99,7.84,7.750,,2173.42,2262.10,,,2262.10,,,7.712,967.9,1.34,7.815,744.9,1.66,7.815,757.9,1.69,,7.815,744.913,1.656,pH/ALK,
8/29/2022,~7:00 AM,,Provincetown,outside cage,Bottom water,outside cage,20.7,20.7,32.55,5.06,7.716,,2110.17,,,2134.11,2134.11,NBS,pH converted to total scale from NBS (7.858),7.462,1723.0,0.87,7.716,899.4,1.37,7.716,933.3,1.42,,7.716,899.438,1.372,pH/ALK,
9/9/2022,,,Provincetown,outside cage,Bottom water,outside cage,18.1,,32.45,10.31,,,,,,,,,DO measurements only,,,,,,,,,,,,,,,Biodeposition
9/10/2022,~5:30 PM,,Provincetown,outside cage,Bottom water,outside cage,21.1,,32.86,11.24,,,,,,,,,,,,,,,,,,,,,,,,Biodeposition
9/27/2022,~6:00PM,,Provincetown,,,,17.3,,,,,,,,,,,,,,,,,,,,,,,,,,,Deploy surfclams for expt 2
10/11/2022,~7:30 AM,,Provincetown,outside cage,Bottom water,outside cage,12.3,17.2,32.97,5.95,7.541,,2255.01,2064.99,,,2064.99,Bad,Low pH and DIC higher than Alk- all CO2Sys outputs bad,6.972,5099.2,0.20,7.610,1115.2,0.82,7.610,1238.2,0.91,7.610,,,,bad,"Low pH doesn't seem to match up with HOBO pH logger, but low pH does correspond to sunrise sampling. "
10/25/2022,~5:00 PM,224,Provincetown,outside cage,Bottom water,monitoring,16.4,16.9,32.77,10.70,8.250,,1866.01,2104.23,,,2104.23,,,8.100,325.2,2.65,8.258,207.4,3.50,8.258,217.4,3.67,,8.258,207.408,3.503,pH/ALK,
11/4/2022,~2:45 PM,254,Provincetown,outside cage,Bottom water,monitoring,16.9,17.6,32.35,10.66,8.103,,1944.43,2217.34,,,2217.34,,,8.146,303.0,3.08,8.114,330.7,2.91,8.114,327.9,2.88,,8.114,330.680,2.907,pH/ALK,
11/29/2022,~9:15 AM,287,Provincetown,outside cage,Bottom water,outside cage,8.4,6.6,33.31,8.91,8.103,,2042.20,2113.59,,,2113.59,,,7.789,713.9,1.06,8.073,345.3,1.89,8.073,363.0,1.98,,8.073,345.320,1.886,pH/ALK,
12/4/2022,~2:30 PM,309,Provincetown,outside cage,Bottom water,monitoring,8.2,4.2,31.91,12.40,8.397,,1999.39,2216.85,,,2216.85,,,8.186,270.2,2.40,8.327,183.1,3.11,8.327,190.0,3.22,,8.327,183.130,3.109,pH/ALK,High pH is consistant with mid day sampling. 
1/21/2023,~4:00 PM,352,Provincetown,outside cage,Bottom water,monitoring,4.4,5.8,32.32,11.88,7.868,,2628.56,2839.09,,,2839.09,Bad,Unusually high DIC and Alk. Attributed to bottle mix up.,8.156,370.5,2.54,7.891,729.6,1.47,7.891,698.8,1.41,7.891,,,,bad,Issue with bottle mix up.  Use no shell sample.
1/21/2023,~4:00 PM,,Provincetown,outside cage,Bottom water,No Shell,4.7,4.9,32.3,11.75,8.14,,2029.790,2215.72,,,2215.72,,Replacing outside cage BW estimate with no shell BW/,8.17,276.7,2.050,8.1,295.30,1.95,8.146,293.8,1.94,,8.1,295.30,1.95,replacement pH/ALK,
2/21/2023,~5:15 PM,371,Provincetown,outside cage,Bottom water,monitoring,4.5,7.5,30.99,11.87,8.115,,1950.43,2194.62,,,2194.62,,,8.321,184.5,2.62,8.166,279.9,1.95,8.166,270.3,1.88,,8.166,279.949,1.948,pH/ALK,
3/20/2023,~4:45 PM,399,Provincetown,outside cage,Bottom water,monitoring,6.4,14.1,31.79,11.23,8.036,,2023.66,2242.16,,,2242.16,,,8.217,250.3,2.40,8.164,288.8,2.16,8.164,285.4,2.14,,8.164,288.805,2.165,pH/ALK,
4/17/2023,~3:30 PM,432,Provincetown,outside cage,Bottom water,monitoring,12.5,13.9,31.40,10.44,8.040,,1942.52,2184.79,,,2184.79,,,8.177,276.4,2.70,8.063,376.6,2.18,8.063,366.5,2.12,,8.063,376.556,2.175,pH/ALK,
5/10/2023,~10:40 AM,479,Provincetown,outside cage,Bottom water,monitoring,14.4,19.2,31.68,10.51,8.104,,1864.78,2314.44,,,2314.44,,,8.459,128.5,4.96,8.182,288.5,3.12,8.182,263.8,2.85,,8.182,288.463,3.115,pH/ALK,
6/11/2023,~11:45 AM,,Provincetown,outside cage,Bottom water,No Shell,17.9,21.8,30.85,10.22,8.260,,1734.01,2142.59,,,2142.59,,No June BW outside measurement. Using BW from No Shell treatment.,8.388,145.8,4.52,8.324,176.9,4.09,8.324,172.8,3.99,,8.324,176.9,4.09,replacement pH/ALK,
5/22/2022,,,East Dennis (aquaculture),No shell,Bottom water,outside cage,23.6,22.5,32.19,9.31,7.717,,1961.64,,,2196.42,2196.42,Questionable,pH appears low suggest using CO@Sys output from DIC/Alk,7.972,480.4,2.81,7.700,986.7,1.65,7.700,930.6,1.56,,7.972,480.4,2.81,DIC/ALK,
6/1/2022,,,East Dennis (aquaculture),No shell,Bottom water,No Shell,16.5,16.2,29.72,8.25,7.828,,2203.16,,,2352.76,2352.76,NBS,pH converted to total scale from NBS (7.963),7.907,626.0,1.96,7.824,763.5,1.53,7.824,750.7,1.51,,7.824,763.5,1.53,pH/ALK,
6/17/2022,,,East Dennis (aquaculture),No shell,Bottom water,No Shell,18.9,20.9,32.50,8.47,8.014,,1992.00,,,2134.44,2134.44,,,7.841,661.0,1.79,8.046,382.8,2.65,8.046,400.8,2.78,,8.046,382.8,2.65,pH/ALK,
6/28/2022,,,East Dennis (aquaculture),No shell,Bottom water,No Shell,18.5,18.1,32.01,5.73,7.445,,2381.58,,,2344.04,2344.04,Bad,Low pH and DIC higher than Alk- all CO2Sys outputs bad,7.311,2714.4,0.62,7.440,1989.8,0.82,7.440,2026.3,0.84,7.440,7.440,1989.8,0.82,bad,low pH does correspond to lower DO than other days: 5.73-5.85 on 6/28/23 and 6/29/23
7/18/2022,,135,East Dennis (aquaculture),No shell,Bottom water,No Shell,23.7,25.8,32.78,9.02,8.008,,1913.41,,,2042.29,2042.29,,,7.740,822.8,1.69,8.041,365.3,2.99,8.041,392.6,3.21,,8.041,365.3,2.99,pH/ALK,
8/4/2022,,3,East Dennis (aquaculture),No shell,Bottom water,No Shell,24.9,23.3,33.03,9.07,8.094,,1893.28,,,2089.05,2089.05,,,7.876,586.9,2.36,8.069,342.7,3.36,8.069,361.5,3.55,,8.069,342.7,3.36,pH/ALK,
8/14/2022,,824,East Dennis (aquaculture),No shell,Bottom water,No Shell,26.3,20.8,32.88,8.76,7.968,,2040.29,2195.2,,,2195.20,,,7.749,863.7,2.05,7.883,604.1,2.65,7.883,622.8,2.73,,7.883,604.1,2.65,pH/ALK,
8/28/2022,,,East Dennis (aquaculture),No shell,Bottom water,No Shell,22.6,22.4,32.39,6.20,8.097,,2281.40,,,2500.34,2500.34,,,7.912,645.3,2.78,8.094,391.1,3.88,8.094,409.8,4.07,,8.094,391.1,3.88,pH/ALK,
6/17/2022,,,Eel Pond,No shell,Bottom water,monitoring,21.3,21.5,31.40,6.30,7.763,,1977.99,,,2015.37,2015.37,Questionable,Low pH output from CO2Sys using DIC/ Alk  combo,7.511,1453.6,0.92,7.766,765.4,1.56,7.766,798.0,1.63,,7.766,765.404,1.563,pH/ALK,
6/30/2022,,,Eel Pond,No shell,Bottom water,No Shell,23.0,12.5,32.06,6.96,7.973,,1906.98,,,2016.70,2016.70,,,7.708,885.5,1.50,7.810,680.9,1.84,7.810,694.7,1.88,,7.810,680.9,1.84,pH/ALK,
7/15/2022,,119,Eel Pond,No shell,Bottom water,No Shell,25.5,27.9,31.42,6.45,7.865,,1829.03,,,1946.55,1946.55,,,7.709,857.3,1.58,7.901,514.5,2.31,7.902,536.6,2.41,,7.901,514.5,2.31,pH/ALK,
8/1/2022,,3,Eel Pond,No shell,Bottom water,No Shell,25.6,24.1,32.76,5.99,7.822,,1930.68,,,2005.97,2005.97,Questionable,Low pH output from CO2Sys using DIC/ Alk  combo,7.562,1276.1,1.24,7.799,690.6,2.00,7.799,722.8,2.10,,7.799,690.6,2.00,pH/ALK,
8/15/2022,,835,Eel Pond,No shell,Bottom water,No Shell,23.9,27.4,32.80,6.50,7.805,,2162.93,2060.5,,,2060.50,Questionable,DIC higher than Alk - use pH and Alk in CO2Sys,7.040,4640.4,0.38,7.858,608.7,2.16,7.858,699.2,2.49,,7.858,608.7,2.16,pH/ALK,
8/30/2022,,,Eel Pond,No shell,Bottom water,No Shell,25.0,28.4,32.81,5.96,7.753,,1905.30,,,1974.85,1974.85,Questionable,Low pH output from CO2Sys using DIC/ Alk  combo,7.553,1281.1,1.17,7.804,672.1,1.94,7.804,704.7,2.04,,7.804,672.1,1.94,pH/ALK,
10/12/2022,,203,Eel Pond,No shell,Bottom water,No Shell,15.4,14.6,31.56,7.93,7.855,,1836.65,1985.93,,,1985.93,,,7.943,470.6,1.75,7.843,611.2,1.43,7.843,599.4,1.40,,7.843,611.2,1.43,pH/ALK,
10/24/2022,,218,Eel Pond,No shell,Bottom water,No Shell,16.1,16.4,31.75,8.03,7.952,,1916.90,2158.89,,,2158.89,,,8.117,321.5,2.74,7.957,494.8,2.02,7.957,476.6,1.94,,7.957,494.8,2.02,pH/ALK,
11/6/2022,,271,Eel Pond,No shell,Bottom water,No Shell,17.3,18.3,32.29,8.53,7.921,,1886.40,2070.18,,,2070.18,,,7.978,446.3,2.13,7.937,498.6,1.96,7.937,494.1,1.94,,7.937,498.6,1.96,pH/ALK,
11/28/2022,,286,Eel Pond,No shell,Bottom water,No Shell,9.2,13.9,32.36,5.89,7.926,,1961.14,2065.78,,,2065.78,,,7.896,537.8,1.31,8.002,410.3,1.63,8.002,418.1,1.66,,8.002,410.3,1.63,pH/ALK,
12/5/2022,,318,Eel Pond,No shell,Bottom water,outside cage,8.1,7.6,31.28,10.04,8.022,,1991.08,2097.77,,,2097.77,,,7.930,501.5,1.34,8.014,404.5,1.59,8.014,410.4,1.61,,8.014,404.5,1.59,pH/ALK,
1/20/2023,,346,Eel Pond,No shell,Bottom water,No Shell,4.5,7.9,29.80,11.27,7.988,,1881.19,1998.4,,,1998.40,,,8.050,346.6,1.37,8.044,351.9,1.35,8.044,351.6,1.35,,8.044,351.9,1.35,pH/ALK,
2/24/2023,,393,Eel Pond,No shell,Bottom water,No Shell,5.0,12.2,30.20,10.82,7.942,,1960.51,1907.95,,,1907.95,Questionable,DIC higher than Alk - use pH and Alk in CO2Sys,7.402,1615.8,0.33,8.059,323.0,1.37,8.060,354.0,1.50,,8.059,323.0,1.37,pH/ALK,
3/23/2023,,426,Eel Pond,No shell,Bottom water,No Shell,7.6,18.0,29.51,10.55,7.891,,1942.97,2075.12,,,2075.12,,,8.038,379.7,1.57,8.058,360.7,1.63,8.058,362.0,1.64,,8.058,360.7,1.63,pH/ALK,
4/19/2023,,444,Eel Pond,No shell,Bottom water,No Shell,12.2,14.4,30.00,9.37,7.955,,2000.60,2204.25,,,2204.25,,,8.117,332.4,2.35,7.990,464.6,1.84,7.990,452.6,1.79,,7.990,464.6,1.84,pH/ALK,
5/8/2023,,468,Eel Pond,No shell,Bottom water,No Shell,15.2,24.7,30.59,8.06,7.781,,1951.74,2162.83,,,2162.83,,,8.082,357.6,2.44,7.927,539.6,1.80,7.927,522.2,1.74,,7.927,539.6,1.80,pH/ALK,
6/9/2023,,496,Eel Pond,No shell,Bottom water,No Shell,18.5,18.7,30.93,7.22,7.763,,1908.01,2103.83,,,2103.83,,,8.000,433.4,2.31,7.766,798.5,1.45,7.766,762.1,1.38,,7.766,798.5,1.45,pH/ALK,
5/21/2022,,,Provincetown,No shell,Bottom water,outside cage,19.0,22.4,31.82,9.59,7.701,,1942.40,,,2142.10,2142.10,,,7.983,457.9,2.35,7.751,840.3,1.48,7.751,802.1,1.42,7.751,,,,questionable,The pH value doesn't match the relationship between DO and pH. 
6/2/2022,,,Provincetown,No shell,Bottom water,No Shell,16.8,17.6,31.67,8.17,7.973,,1977.30,,,2103.55,2103.55,NBS,pH converted to total scale from NBS (8.109),7.844,647.8,1.61,7.985,442.1,1.98,7.985,453.1,2.03,,7.985,442.1,1.98,pH/ALK,
6/15/2022,,,Provincetown,No shell,Bottom water,No Shell,18.1,19.3,32.45,7.39,7.692,,2803.51,,,,,Bad,Low pH and high DIC no Alk- all CO2Sys outputs bad,,,,,,,7.706,1714.5,1.36,7.706,,,,bad,
7/1/2022,,,Provincetown,No shell,Bottom water,No Shell,21.7,13.3,32.67,7.75,8.212,,1930.57,,,2129.27,2129.27,,,7.930,520.9,2.36,8.076,348.4,3.10,8.076,362.2,3.21,,8.076,348.4,3.10,pH/ALK,
7/14/2022,,109,Provincetown,No shell,Bottom water,No Shell,21.3,22.9,32.29,4.65,7.530,,2319.24,,,2326.05,2326.05,Bad,Low pH and high DIC similar to Alk- all CO2Sys outputs bad,7.405,2169.3,0.86,7.552,1511.6,1.18,7.552,1544.2,1.20,7.552,,,,bad,
8/3/2022,,3,Provincetown,No shell,Bottom water,No Shell,24.5,11.5,32.82,7.28,8.133,,1975.27,,,2119.74,2119.74,,,7.760,812.2,1.88,7.926,521.5,2.59,7.925,541.8,2.69,,7.926,521.5,2.59,pH/ALK,
8/14/2022,,813,Provincetown,No shell,Bottom water,No Shell,16.6,22.2,33.03,7.40,7.528,,2433.55,2379.3,,,2379.30,Bad,Low pH and DIC higher than Alk- all CO2Sys outputs bad,7.282,2910.7,0.56,7.607,1325.7,1.13,7.607,1387.7,1.18,7.607,,,,bad,
8/29/2022,,,Provincetown,No shell,Bottom water,No Shell,20.7,20.7,32.55,5.06,7.729,,2116.32,,,2134.41,2134.41,Questionable,Questionable pH temp also bad output from CO2Sys using DIC/ Alk  combo - pH converted to total scale from NBS (7.871),7.443,1805.5,0.84,7.729,870.5,1.41,7.729,907.7,1.47,,7.729,870.5,1.41,pH/ALK,
9/9/2022,,,Provincetown,No shell,Bottom water,outside cage,18.1,,32.45,10.31,,,,,,,,,,,,,,,,,,,,,,,,
9/10/2022,,,Provincetown,No shell,Bottom water,outside cage,21.1,,32.86,11.24,,,,,,,,,,,,,,,,,,,,,,,,
10/11/2022,,208,Provincetown,No shell,Bottom water,No Shell,12.3,18.2,32.97,5.95,7.255,,2436.41,2221.36,,,2221.36,Bad,Low pH and DIC higher than Alk- all CO2Sys outputs bad,6.954,5713.7,0.21,7.326,2381.2,0.48,7.326,2551.6,0.51,7.326,,,,bad,Low pH doesn't match up with HOBO pH logger
10/25/2022,,227,Provincetown,No shell,Bottom water,No Shell,16.4,16.7,32.77,10.70,8.195,,1897.37,2306.08,,,2306.08,,,8.353,172.3,4.51,8.200,270.0,3.49,8.200,256.7,3.32,,8.200,270.0,3.49,pH/ALK,
11/4/2022,,257,Provincetown,No shell,Bottom water,No Shell,16.9,17.3,32.35,10.66,8.164,,1912.91,2178.38,,,2178.38,,,8.138,303.8,2.98,8.171,277.4,3.16,8.171,279.9,3.19,,8.171,277.4,3.16,pH/ALK,
11/29/2022,,283,Provincetown,No shell,Bottom water,No Shell,8.4,7.7,33.31,8.91,8.080,,2027.07,2165.35,,,2165.35,,,7.984,446.6,1.62,8.068,358.3,1.92,8.068,364.3,1.95,,8.068,358.3,1.92,pH/ALK,
12/4/2022,,313,Provincetown,No shell,Bottom water,No Shell,8.6,4.0,31.80,11.23,8.319,,1982.81,2135.03,,,2135.03,,,8.039,385.3,1.75,8.240,225.1,2.58,8.240,235.6,2.70,,8.240,225.1,2.58,pH/ALK,
1/21/2023,,355,Provincetown,No shell,Bottom water,No Shell,4.7,4.9,32.30,11.75,8.143,,2029.79,2215.72,,,2215.72,,,8.171,276.7,2.05,8.146,295.3,1.95,8.146,293.8,1.94,,8.146,295.3,1.95,pH/ALK,
2/21/2023,,374,Provincetown,No shell,Bottom water,No Shell,4.6,7.9,31.07,12.73,8.177,,1974.54,2245.56,,,2245.56,,,8.362,168.4,2.91,8.234,239.5,2.29,8.233,232.1,2.22,,8.234,239.5,2.29,pH/ALK,
3/20/2023,,402,Provincetown,No shell,Bottom water,No Shell,5.9,13.4,31.94,10.79,8.133,,1998.29,2331.89,,,2331.89,,,8.424,146.5,3.58,8.260,231.6,2.66,8.259,221.7,2.55,,8.260,231.6,2.66,pH/ALK,
4/17/2023,,435,Provincetown,No shell,Bottom water,No Shell,12.3,13.9,31.33,10.29,8.050,,1941.12,2184.79,,,2184.79,,,8.184,271.2,2.71,8.076,363.4,2.21,8.076,354.2,2.16,,8.076,363.4,2.21,pH/ALK,
5/10/2023,,482,Provincetown,No shell,Bottom water,No Shell,17.3,19.2,31.95,11.50,8.140,,2361.41,2419.13,,,2419.13,Bad,Low pH output for DIC/Alk CO2Sys - DIC value likely bad,7.614,1333.1,1.18,8.171,309.9,3.56,8.171,346.2,3.98,,8.171,309.9,3.56,pH/ALK,
6/11/2023,,500,Provincetown,No shell,Bottom water,No Shell,17.9,21.8,30.85,10.22,8.260,,1734.01,2142.59,,,2142.59,,,8.388,145.8,4.52,8.324,176.9,4.09,8.324,172.8,3.99,,8.324,176.9,4.09,pH/ALK,
5/22/2022,,,East Dennis (aquaculture),Shell,Bottom water,outside cage,23.6,22.5,32.19,,7.717,,1961.64,,,2196.42,2196.42,Questionable,pH appears low suggest using CO@Sys output from DIC/Alk,7.972,480.4,2.81,7.700,986.7,1.65,7.700,930.6,1.56,,7.972,480.4,2.81,DIC/ALK,
6/1/2022,,,East Dennis (aquaculture),Shell,Bottom water,Shell,16.5,16.2,29.72,,7.728,,2415.10,,,2495.18,2495.18,NBS,pH converted to total scale from NBS (7.862),7.711,1093.7,1.39,7.724,1041.7,1.32,7.724,1041.7,1.32,,7.724,1041.7,1.32,pH/ALK,
6/17/2022,,,East Dennis (aquaculture),Shell,Bottom water,Shell,18.9,21.5,32.50,,8.003,,1989.86,,,2140.58,2140.58,,,7.862,628.7,1.87,8.044,385.6,2.65,8.044,401.9,2.77,,8.044,385.6,2.65,pH/ALK,"Black residue, but looks like pH measurements are OK"
6/28/2022,,,East Dennis (aquaculture),Shell,Bottom water,Shell,18.6,18.1,30.57,,7.326,,2532.09,,,2559.64,2559.64,Bad,Low pH and high DIC similar to Alk- all CO2Sys outputs bad,7.519,1807.6,1.05,7.320,2923.2,0.68,7.320,2844.5,0.66,7.320,,,,bad,Black residue. Bad DIC. Bad lab alkalinity. 
7/18/2022,,136,East Dennis (aquaculture),Shell,Bottom water,Shell,23.7,27.3,32.78,,8.011,,1913.46,,,2045.86,2045.86,,,7.749,805.2,1.72,8.067,339.6,3.14,8.067,367.1,3.40,,8.067,339.6,3.14,pH/ALK,
8/4/2022,,2,East Dennis (aquaculture),Shell,Bottom water,Shell,24.9,23.3,33.03,,8.092,,1882.41,,,2065.81,2065.81,,,7.851,619.7,2.23,8.067,340.7,3.31,8.067,361.3,3.51,,8.067,340.7,3.31,pH/ALK,
8/14/2022,,825,East Dennis (aquaculture),Shell,Bottom water,Shell,26.3,20.8,32.88,,8.002,,2091.51,2212.5,,,2212.50,Questionable,Low pH output from CO2Sys using DIC/ Alk  combo,7.663,1088.6,1.74,7.916,555.7,2.85,7.916,587.5,3.01,,7.916,555.7,2.85,pH/ALK,
8/28/2022,,,East Dennis (aquaculture),Shell,Bottom water,Shell,22.6,22.4,32.39,,8.097,,2281.40,,,2500.34,2500.34,,,7.912,645.3,2.78,8.094,391.1,3.88,8.094,409.8,4.07,,8.094,391.1,3.88,pH/ALK,
6/30/2022,,,Eel Pond,Shell,Bottom water,Shell,23.0,10.6,32.06,,7.986,,1907.41,,,2017.21,2017.21,,,7.709,885.4,1.50,7.793,712.0,1.78,7.793,723.9,1.81,,7.793,712.0,1.78,pH/ALK,
7/15/2022,,120,Eel Pond,Shell,Bottom water,Shell,25.5,27.6,31.42,,7.870,,1822.25,,,1947.61,1947.61,,,7.731,810.3,1.66,7.902,514.1,2.31,7.902,534.0,2.40,,7.902,514.1,2.31,pH/ALK,
8/1/2022,,2,Eel Pond,Shell,Bottom water,Shell,25.6,23.1,32.76,,7.822,,1929.64,,,2004.69,2004.69,Questionable,Low pH output from CO2Sys using DIC/ Alk  combo,7.561,1277.4,1.24,7.784,718.2,1.94,7.784,749.4,2.03,,7.784,718.2,1.94,pH/ALK,
8/15/2022,,834,Eel Pond,Shell,Bottom water,Shell,23.9,27.6,32.80,,7.779,,2172.57,2056.8,,,2056.80,Questionable,DIC higher than Alk - use pH and Alk in CO2Sys,7.007,5008.6,0.35,7.835,646.5,2.07,7.835,743.3,2.38,,7.835,646.5,2.07,pH/ALK,
8/30/2022,,,Eel Pond,Shell,Bottom water,Shell,25.0,28.2,32.81,,7.756,,1900.93,,,1991.7,1991.70,,,7.618,1098.7,1.35,7.804,677.9,1.96,7.804,703.0,2.03,,7.804,677.9,1.96,pH/ALK,
10/12/2022,,202,Eel Pond,Shell,Bottom water,Shell,15.4,17.1,31.56,,7.835,,1859.67,2000.12,,,2000.12,,,7.918,506.7,1.67,7.861,586.8,1.49,7.861,580.5,1.48,,7.861,586.8,1.49,pH/ALK,
10/24/2022,,219,Eel Pond,Shell,Bottom water,Shell,16.1,16.4,31.75,,7.950,,1925.58,2046.85,,,2046.85,,,7.846,625.3,1.53,7.955,471.0,1.90,7.955,481.1,1.94,,7.955,471.0,1.90,pH/ALK,
11/6/2022,,272,Eel Pond,Shell,Bottom water,Shell,17.3,18.3,32.29,,7.926,,1865.64,2028.97,,,2028.97,,,7.935,491.0,1.91,7.942,482.0,1.94,7.942,482.7,1.94,,7.942,482.0,1.94,pH/ALK,
11/28/2022,,287,Eel Pond,Shell,Bottom water,Shell,9.2,14.1,32.36,,7.935,,1952.64,2127.80,,,2127.80,,,8.080,344.0,1.96,8.014,409.5,1.72,8.014,404.0,1.70,,8.014,409.5,1.72,pH/ALK,
12/5/2022,,318,Eel Pond,Shell,Bottom water,outside cage,8.1,7.6,31.28,,8.022,,1991.08,2097.77,,,2097.77,,,7.930,501.5,1.34,8.014,404.5,1.59,8.014,410.4,1.61,,8.014,404.5,1.59,pH/ALK,
1/20/2023,,347,Eel Pond,Shell,Bottom water,Shell,4.5,7.6,29.80,,7.985,,1893.04,1998.4,,,1998.40,,,8.013,381.1,1.27,8.036,359.2,1.33,8.036,360.6,1.34,,8.036,359.2,1.33,pH/ALK,
2/24/2023,,394,Eel Pond,Shell,Bottom water,Shell,5.0,12.2,30.20,,7.935,,1947.49,1970.17,,,1970.17,Questionable,Low pH output from CO2Sys using DIC/ Alk  combo,7.700,818.6,0.66,8.052,339.9,1.40,8.052,357.8,1.47,,8.052,339.9,1.40,pH/ALK,
3/23/2023,,427,Eel Pond,Shell,Bottom water,Shell,7.6,16.7,29.51,,7.891,,1922.50,1955.88,,,1955.88,Questionable,Low pH output from CO2Sys using DIC/ Alk  combo,7.711,811.1,0.74,8.036,358.7,1.47,8.037,376.7,1.55,,8.036,358.7,1.47,pH/ALK,
4/19/2023,,445,Eel Pond,Shell,Bottom water,Shell,12.2,14.1,30.00,,7.951,,1990.63,2176.06,,,2176.06,,,8.080,362.5,2.16,7.981,469.2,1.78,7.981,460.0,1.74,,7.981,469.2,1.78,pH/ALK,
5/8/2023,,469,Eel Pond,Shell,Bottom water,Shell,15.2,25.6,30.59,,7.784,,1953.91,2176.99,,,2176.99,,,8.105,337.9,2.57,7.944,519.6,1.88,7.944,501.7,1.81,,7.944,519.6,1.88,pH/ALK,
6/9/2023,,497,Eel Pond,Shell,Bottom water,Shell,18.5,18.8,30.93,,7.805,,1903.49,2117.56,,,2117.56,,,8.038,393.6,2.50,7.810,719.0,1.60,7.810,685.3,1.52,,7.810,719.0,1.60,pH/ALK,
5/21/2022,,,Provincetown,Shell,Bottom water,outside cage,19.0,22.4,31.82,,7.70,,1942.40,,,2142.10,2142.10,,,7.983,457.9,2.35,7.751,840.3,1.48,7.751,802.1,1.42,,7.751,840.3,1.48,pH/ALK,
6/2/2022,,,Provincetown,Shell,Bottom water,Shell,16.8,19.2,31.67,,7.973,,1963.12,,,2105.08,2105.08,NBS,pH converted to total scale from NBS (8.114),7.886,581.5,1.75,8.009,414.0,2.08,8.010,423.3,2.13,,8.009,414.0,2.08,pH/ALK,
6/15/2022,,,Provincetown,Shell,Bottom water,Shell,18.1,18.7,32.45,,7.672,,2707.61,,,,,NBS,"pH converted to total scale from NBS (7.808), DIC very high",,,,,,,7.681,1285.1,1.52,7.681,,,,questionable,
7/1/2022,,,Provincetown,Shell,Bottom water,Shell,21.7,14.1,32.67,,8.226,,1921.71,,,2129.20,2129.20,,,7.949,494.8,2.45,8.103,322.8,3.25,8.103,336.8,3.38,,8.103,322.8,3.25,pH/ALK,
7/14/2022,,110,Provincetown,Shell,Bottom water,Shell,21.3,23.1,32.29,,7.506,,2342.98,,,2352.57,2352.57,Bad,Low pH and high DIC similar to Alk- all CO2Sys outputs bad,7.414,2147.7,0.88,7.531,1612.6,1.14,7.531,1640.0,1.16,7.531,,,,bad,
8/3/2022,,2,Provincetown,Shell,Bottom water,Shell,24.5,11.4,32.82,,8.133,,1982.92,,,2123.68,2123.68,Questionable,Low pH output from CO2Sys using DIC/ Alk  combo,7.750,834.8,1.85,7.924,524.8,2.59,7.924,546.1,2.69,,7.924,524.8,2.59,pH/ALK,
8/14/2022,,814,Provincetown,Shell,Bottom water,Shell,16.6,22.4,33.03,,7.518,,2456.57,,,,,Bad,"Low pH high DIC, no alk",,,,,,,7.599,1425.6,1.17,7.599,,,,bad,
8/29/2022,,,Provincetown,Shell,Bottom water,Shell,20.7,20.7,32.55,,7.723,,2105.92,,,2139.38,2139.38,Questionable,Questionable pH temp also bad output from CO2Sys using DIC/ Alk  combo - pH converted to total scale from NBS (7.865),7.493,1601.3,0.93,7.723,885.9,1.40,7.723,916.2,1.44,,7.723,885.9,1.40,pH/ALK,
10/11/2022,,207,Provincetown,Shell,Bottom water,Shell,12.3,18.4,32.97,,7.260,,2430.19,2101.78,,,2101.78,Bad,Low pH and DIC higher than Alk - All CO2Sys outputs bad,6.771,8299.0,0.13,7.334,2211.3,0.46,7.334,2501.9,0.52,7.334,,,,bad,Can't find field notebook pH value -ER 4/3/24
10/25/2022,,228,Provincetown,Shell,Bottom water,Shell,16.4,16.9,32.77,,8.188,,1918.96,2291.66,,,2291.66,,,8.302,199.3,4.13,8.196,271.1,3.44,8.196,262.1,3.33,,8.196,271.1,3.44,pH/ALK,
11/4/2022,,258,Provincetown,Shell,Bottom water,Shell,16.9,17.4,32.35,,8.157,,1895.41,2204.36,,,2204.36,,,8.212,249.6,3.44,8.165,285.1,3.17,8.165,281.2,3.12,,8.165,285.1,3.17,pH/ALK,
11/29/2022,,286,Provincetown,Shell,Bottom water,Shell,8.4,7.9,33.31,,8.094,,2032.01,2178.29,,,2178.29,,,8.004,427.1,1.70,8.086,344.4,2.00,8.086,350.1,2.03,,8.086,344.4,2.00,pH/ALK,
12/4/2022,,312,Provincetown,Shell,Bottom water,Shell,8.6,4.0,31.80,,8.286,,1981.23,2203.21,,,2203.21,,,8.193,264.6,2.44,8.207,254.5,2.51,8.207,255.4,2.52,,8.207,254.5,2.51,pH/ALK,
1/21/2023,,356,Provincetown,Shell,Bottom water,Shell,4.7,6.7,32.30,,8.128,,2001.43,2268.77,,,2268.77,,,8.334,182.6,2.86,8.162,290.3,2.06,8.162,278.9,1.98,,8.162,290.3,2.06,pH/ALK,
2/21/2023,,375,Provincetown,Shell,Bottom water,Shell,4.6,6.8,31.07,,8.251,,1944.90,2258.29,,,2258.29,,,8.437,137.4,3.35,8.289,207.3,2.56,8.289,199.3,2.46,,8.289,207.3,2.56,pH/ALK,
3/20/2023,,403,Provincetown,Shell,Bottom water,Shell,5.9,12.8,31.94,,8.030,,1992.70,2254.98,,,2254.98,,,8.310,194.9,2.82,8.145,304.6,2.06,8.145,293.2,1.98,,8.145,304.6,2.06,pH/ALK,
4/17/2023,,436,Provincetown,Shell,Bottom water,Shell,12.3,13.6,31.33,,8.107,,1939.65,2211.96,,,2211.96,,,8.235,238.6,3.02,8.128,319.8,2.48,8.128,311.2,2.41,,8.128,319.8,2.48,pH/ALK,
5/10/2023,,483,Provincetown,Shell,Bottom water,Shell,17.3,19.9,31.95,,8.116,,1894.45,2314.44,,,2314.44,,,8.364,168.2,4.70,8.158,306.8,3.32,8.158,287.1,3.10,,8.158,306.8,3.32,pH/ALK,
6/11/2023,,501,Provincetown,Shell,Bottom water,Shell,17.9,21.7,30.85,,8.237,,1728.87,2102.72,,,2102.72,,,8.342,164.0,4.13,8.299,186.7,3.85,8.299,183.9,3.79,,8.299,186.7,3.85,pH/ALK,
5/22/2022,,,East Dennis (aquaculture),No Shell,2cm,No Shell,23.6,22.4,32.19,,7.098,,2799.44,,,2656.93,2656.93,Bad,Data measured in lab so likely bad from mercuric chloride,,,,,,,7.086,,,,,,,bad,
6/1/2022,,,East Dennis (aquaculture),No Shell,2cm,No Shell,16.5,16.7,29.72,,7.473,,3244.03,,,3095.50,3095.50,NBS,"pH in NBS scale, plan is to use standard offset at 20C",,,,,,,7.342,,,,7.342,,,pH only,
6/17/2022,,,East Dennis (aquaculture),No Shell,2cm,No Shell,18.9,,32.50,,,,2888.25,,,3253.85,3253.85,,No pH value,,,,,,,,,,,,,,,
6/29/2022,,,East Dennis (aquaculture),No Shell,2cm control,No Shell,18.6,18.4,32.01,,7.215,,3217.01,,,,,,,,,,,,,7.213,,,,7.213,,,pH only,
6/29/2022,,,East Dennis (aquaculture),No Shell,2cm,No Shell,18.6,19.3,32.01,,7.136,,3281.44,,,,,,,,,,,,,7.144,,,,7.144,,,pH only,
7/18/2022,,133,East Dennis (aquaculture),No Shell,2cm,No Shell,23.7,25.0,32.78,,7.185,,2744.55,,,,,,,,,,,,,7.199,,,,7.199,,,pH only,
8/4/2022,,7,East Dennis (aquaculture),No Shell,2cm control,No Shell,24.9,22.8,33.03,,7.203,,,,,2812.37,2812.37,,,,,,,,,7.180,,,,7.180,,,pH only,
8/4/2022,,5,East Dennis (aquaculture),No Shell,2cm,No Shell,24.9,22.5,33.03,,7.203,,2626.78,,,,,,,,,,,,,7.177,,,,7.177,,,pH only,
6/30/2022,,,Eel Pond,No Shell,2cm control,No Shell,23.0,11.4,32.06,,7.719,,2325.79,,,2259.99,2259.99,,,,,,,,,7.559,,,,7.559,,,pH only,
6/30/2022,,,Eel Pond,No Shell,2cm,No Shell,23.0,10.4,32.06,,7.404,,3350.19,,,,,,,,,,,,,7.254,,,,7.254,,,pH only,
7/15/2022,,117,Eel Pond,No Shell,2cm,No Shell,25.5,25.6,31.42,,7.290,,2475.23,,,2371.51,2371.51,,,,,,,,,7.291,,,,7.291,,,pH only,
8/1/2022,,5,Eel Pond,No Shell,2cm,No Shell,25.6,21.3,32.76,,7.362,,2210.81,,,2296.72,2296.72,,,,,,,,,7.311,,,,7.311,,,pH only,
8/15/2022,,833,Eel Pond,No Shell,2cm,No Shell,23.9,27.7,32.80,,7.378,,1962.30,2192.2,,,2192.20,,,7.424,,,7.424,1927.5,0.86,7.424,,,,7.424,1927.5,0.86,pH/ALK,
8/30/2022,,,Eel Pond,No Shell,2cm,No Shell,25.0,,32.81,,,,2382.51,,,2267.52,2267.52,,No pH value,,,,,,,,,,,,,,,
10/12/2022,,201,Eel Pond,No Shell,2cm,No Shell,15.4,18.9,31.56,,7.285,,,3589.40,,,3589.40,,,7.326,,,7.326,3879.3,0.80,7.326,,,,7.326,3879.3,0.80,pH/ALK,
10/24/2022,,216,Eel Pond,No Shell,2cm,No Shell,16.1,16.2,31.75,,7.632,,2321.09,2985.24,,,2985.24,,,7.633,,,7.633,1538.3,1.34,7.633,,,,7.633,1538.3,1.34,pH/ALK,
11/6/2022,,269,Eel Pond,No Shell,2cm,No Shell,17.3,18.4,32.29,,7.535,,2282.67,2244.67,,,2244.67,,,7.550,,,7.550,1419.0,0.89,7.550,,,,7.550,1419.0,0.89,pH/ALK,
11/28/2022,,284,Eel Pond,No Shell,2cm,No Shell,9.2,13.7,32.36,,7.925,,2379.04,2320.56,,,2320.56,Questionable,uncharacteristically high pH for sediment samples,7.994,,,7.994,467.5,1.71,7.994,,,,,,,bad,pH is the same as that for bottom water. Must have pulled up bottom water and not sediment porewater. 
1/20/2023,,344,Eel Pond,No Shell,2cm,No Shell,4.5,10.9,29.80,,7.512,,3794.09,3739.64,,,3739.64,,,7.600,,,7.600,1989.1,0.95,7.600,,,,7.600,1989.1,0.95,pH/ALK,
2/24/2023,,391,Eel Pond,No Shell,2cm,No Shell,5.0,15.1,30.20,,7.643,,,2297.72,,,2297.72,,,7.788,,,7.788,772.2,0.90,7.788,,,,7.788,772.2,0.90,pH/ALK,
3/23/2023,,424,Eel Pond,No Shell,2cm,No Shell,7.6,21.2,29.51,,7.484,,2529.29,2242.32,,,2242.32,,,7.666,,,7.666,1033.2,0.74,7.666,,,,7.666,1033.2,0.74,pH/ALK,
4/19/2023,,442,Eel Pond,No Shell,2cm,No Shell,12.2,16.8,30.00,,7.372,,3054.13,3027.26,,,3027.26,,,7.429,,,7.429,2533.5,0.72,7.429,,,,7.429,2533.5,0.72,pH/ALK,
5/8/2023,,466,Eel Pond,No Shell,2cm,No Shell,15.2,22.7,30.59,,7.346,,2461.37,2229.93,,,2229.93,,,7.437,,,7.437,1850.5,0.61,7.437,,,,7.437,1850.5,0.61,pH/ALK,
6/9/2023,,494,Eel Pond,No Shell,2cm,No Shell,18.5,20.1,30.93,,7.290,,2349.68,2312.74,,,2312.74,,,7.309,,,7.309,2653.2,0.55,7.309,,,,7.309,2653.2,0.55,pH/ALK,
5/21/2022,,,Provincetown,No Shell,2cm,No Shell,19.0,22.4,31.82,,6.96,,2761.16,,,2529.40,2529.40,Bad,Data measured in lab so likely bad from mercuric chloride,,,,,,,6.994,,,,,,,bad,
6/2/2022,,,Provincetown,No Shell,2cm,No Shell,16.8,18.3,31.67,,7.496,,2342.61,,,2247.02,2247.02,NBS,pH in NBS scale,,,,,,,7.377,,,,7.377,,,pH only,
6/15/2022,,,Provincetown,No Shell,2cm,No Shell,18.1,,32.45,,,,4204.97,,,,,,No pH value,,,,,,,,,,,,,,,
7/1/2022,,,Provincetown,No Shell,2cm control,No Shell,21.7,14.8,32.67,,7.494,,2279.77,,,,,,,,,,,,,7.407,,,,7.407,,,pH only,
7/1/2022,,,Provincetown,No Shell,2cm,No Shell,21.7,14.6,32.67,,7.534,,2234.58,,,2191.44,2191.44,,,,,,,,,7.442,,,,7.442,,,pH only,
7/14/2022,,107,Provincetown,No Shell,2cm,No Shell,21.3,23.3,32.29,,7.256,,2746.33,,,,,,,,,,,,,7.279,,,,7.279,,,pH only,
8/3/2022,,7,Provincetown,No Shell,2cm control,No Shell,24.5,14.9,32.82,,7.430,,2718.30,,,,,,,,,,,,,7.314,,,,7.314,,,pH only,
8/3/2022,,5,Provincetown,No Shell,2cm,No Shell,24.5,13.2,32.82,,7.483,,2686.08,,,,,,,,,,,,,7.343,,,,7.343,,,pH only,
8/14/2022,,815,Provincetown,No Shell,2cm,No Shell,16.6,22.2,33.03,,7.175,,3312.23,3248.7,,,3248.70,,,7.237,,,7.237,4334.2,0.64,7.237,,,,7.237,4334.2,0.64,pH/ALK,
8/29/2022,,,Provincetown,No Shell,2cm,No Shell,20.7,20.7,32.55,,7.606,,2721.66,,,,,NBS,questionable pH temp and pH in NBS scale,7.477,,,,,,7.477,,,,7.477,,,pH only,
10/11/2022,,206,Provincetown,No Shell,2cm,No Shell,12.3,16.6,32.97,,7.362,,2638.19,2294.94,,,2294.94,,,7.416,,,7.416,1949.4,0.56,7.416,,,,7.416,1949.4,0.56,pH/ALK,
10/25/2022,,225,Provincetown,No Shell,2cm,No Shell,16.4,16.7,32.77,,7.422,,2615.39,2724.22,,,2724.22,,,7.426,,,7.426,2313.9,0.80,7.426,,,,7.426,2313.9,0.80,pH/ALK,
11/4/2022,,255,Provincetown,No Shell,2cm,No Shell,16.9,17.7,32.35,,7.478,,2206.00,2434.44,,,2434.44,,,7.488,,,7.488,1784.3,0.83,7.488,,,,7.488,1784.3,0.83,pH/ALK,
11/29/2022,,285,Provincetown,No Shell,2cm,No Shell,8.4,8.2,33.31,,7.617,,2409.88,2286.13,,,2286.13,,,7.614,,,7.614,1175.8,0.75,7.614,,,,7.614,1175.8,0.75,pH/ALK,
12/4/2022,,311,Provincetown,No Shell,2cm,No Shell,8.6,4.1,31.80,,7.579,,2378.44,1897.37,,,1897.37,,,7.517,,,7.517,1243.0,0.49,7.517,,,,7.517,1243.0,0.49,pH/ALK,
1/21/2023,,353,Provincetown,No Shell,2cm,No Shell,4.7,10.2,32.30,,7.562,,2932.72,2866.4,,,2866.40,,,7.639,,,7.639,1367.4,0.84,7.639,,,,7.639,1367.4,0.84,pH/ALK,
2/21/2023,,372,Provincetown,No Shell,2cm,No Shell,4.6,8.3,31.07,,7.500,,2378.01,2326.21,,,2326.21,,,7.551,,,7.551,1378.0,0.54,7.551,,,,7.551,1378.0,0.54,pH/ALK,
3/20/2023,,400,Provincetown,No Shell,2cm,No Shell,5.9,17.9,31.94,,7.683,,2226.55,2253.91,,,2253.91,,,7.858,,,7.858,633.2,1.10,7.858,,,,7.858,633.2,1.10,questionable,Both the shell and no shell pH values were very high this day. I'm calling this questionable. It doesn't makes sense to call just one of the two samples questionable. 
4/17/2023,,433,Provincetown,No Shell,2cm,No Shell,12.3,14.6,31.33,,7.268,,3015.80,2847.81,,,2847.81,,,7.295,,,7.295,3250.3,0.52,7.295,,,,7.295,3250.3,0.52,pH/ALK,
5/10/2023,,480,Provincetown,No Shell,2cm,No Shell,17.3,19.2,31.95,,7.365,,1952.32,2475.39,,,2475.39,,,7.388,,,7.388,2320.6,0.68,7.388,,,,7.388,2320.6,0.68,pH/ALK,black residue
6/11/2023,,498,Provincetown,No Shell,2cm,No Shell,17.9,22.1,30.85,,7.363,,2652.82,2850.03,,,2850.03,,,7.414,,,7.414,2538.1,0.84,7.414,,,,7.414,2538.1,0.84,pH/ALK,
5/22/2022,,,East Dennis (aquaculture),Shell,2cm,Shell,23.6,22.4,32.19,,7.152,,3037.86,,,2924.57,2924.57,Bad,Data measured in lab so likely bad from mercuric chloride,,,,,,,7.139,,,,,,,bad,
6/1/2022,,,East Dennis (aquaculture),Shell,2cm,Shell,16.5,17.3,29.72,,7.575,,3261.90,,,3067.01,3067.01,NBS,pH in NBS scale,,,,,,,7.450,,,,7.450,,,pH only,
6/17/2022,,,East Dennis (aquaculture),Shell,2cm,Shell,18.9,,32.50,,,,3339.75,,,2705.92,2705.92,,No pH value,,,,,,,,,,,,,,,
6/29/2022,,,East Dennis (aquaculture),Shell,2cm control,Shell,18.6,18.1,32.01,,7.161,,3198.70,,,,,,,,,,,,,7.156,,,,7.156,,,pH only,
6/29/2022,,,East Dennis (aquaculture),Shell,2cm,Shell,18.6,18.7,32.01,,7.256,,2937.33,,,,,,,,,,,,,7.257,,,,7.257,,,pH only,
7/18/2022,,134,East Dennis (aquaculture),Shell,2cm,Shell,23.7,26.6,32.78,,7.272,,2747.64,,,,,,,,,,,,,7.305,,,,7.305,,,pH only,
8/4/2022,,6,East Dennis (aquaculture),Shell,2cm control,Shell,24.9,22.6,33.03,,7.219,,2613.30,,,,,,,,,,,,,7.194,,,,7.194,,,pH only,
8/4/2022,,4,East Dennis (aquaculture),Shell,2cm,Shell,24.9,22.4,33.03,,7.306,,2450.31,,,,,,,,,,,,,7.277,,,,7.277,,,pH only,
6/30/2022,,,Eel Pond,Shell,2cm control,Shell,23.0,12.1,32.06,,7.411,,3194.05,,,,,,,,,,,,,7.281,,,,7.281,,,pH only,
6/30/2022,,,Eel Pond,Shell,2cm,Shell,23.0,11.2,32.06,,7.548,,2143.81,,,2074.79,2074.79,,,,,,,,,7.397,,,,7.397,,,pH only,
7/15/2022,,118,Eel Pond,Shell,2cm,Shell,25.5,26.1,31.42,,7.225,,3329.76,,,,,,,,,,,,,7.231,,,,7.231,,,pH only,
8/1/2022,,4,Eel Pond,Shell,2cm,Shell,25.6,21.8,32.76,,7.382,,,,,2407.81,2407.81,,,,,,,,,7.337,,,,7.337,,,pH only,
8/15/2022,,832,Eel Pond,Shell,2cm,Shell,23.9,27.4,32.80,,7.418,,1948.95,2164.5,,,2164.50,,,7.462,,,7.462,1736.7,0.92,7.462,,,,7.462,1736.7,0.92,pH/ALK,
8/30/2022,,,Eel Pond,Shell,2cm,Shell,25.0,,32.81,,,,2311.19,,,2211.62,2211.62,,,,,,,,,,,,,,,,,
10/12/2022,,200,Eel Pond,Shell,2cm,Shell,15.4,17.7,31.56,,7.455,,,2638.67,,,2638.67,,,7.484,,,7.484,1947.9,0.83,7.484,,,,7.484,1947.9,0.83,pH/ALK,
10/24/2022,,217,Eel Pond,Shell,2cm,Shell,16.1,16.1,31.75,,7.513,,3582.83,4189.74,,,4189.74,,,7.513,,,7.513,2902.7,1.45,7.513,,,,7.513,2902.7,1.45,pH/ALK,
11/6/2022,,270,Eel Pond,Shell,2cm,Shell,17.3,18.7,32.29,,7.511,,2276.37,2189.72,,,2189.72,,,7.529,,,7.529,1453.9,0.83,7.529,,,,7.529,1453.9,0.83,pH/ALK,
11/28/2022,,285,Eel Pond,Shell,2cm,Shell,9.2,12.9,32.36,,7.648,,2189.59,2171.71,,,2171.71,,,7.701,,,7.701,912.4,0.87,7.701,,,,7.701,912.4,0.87,pH/ALK,
1/20/2023,,345,Eel Pond,Shell,2cm,Shell,4.5,11.0,29.80,,7.682,,,2273.79,,,2273.79,,,7.777,,,7.777,786.1,0.84,7.777,,,,7.777,786.1,0.84,pH/ALK,
2/24/2023,,392,Eel Pond,Shell,2cm,Shell,5.0,15.0,30.20,,7.575,,,1974.17,,,1974.17,,,7.715,,,7.715,791.5,0.66,7.715,,,,7.715,791.5,0.66,pH/ALK,
3/23/2023,,425,Eel Pond,Shell,2cm,Shell,7.6,20.8,29.51,,7.420,,2206.69,2056.83,,,2056.83,,,7.592,,,7.592,1133.9,0.57,7.592,,,,7.592,1133.9,0.57,pH/ALK,
4/19/2023,,443,Eel Pond,Shell,2cm,Shell,12.2,17.3,30.00,,7.481,,2272.95,2266.17,,,2266.17,,,7.548,,,7.548,1423.6,0.70,7.548,,,,7.548,1423.6,0.70,pH/ALK,
5/8/2023,,467,Eel Pond,Shell,2cm,Shell,15.2,23.0,30.59,,7.402,,2265.62,2314.89,,,2314.89,,,7.500,,,7.500,1652.5,0.73,7.500,,,,7.500,1652.5,0.73,pH/ALK,
6/9/2023,,495,Eel Pond,Shell,2cm,Shell,18.5,20.0,30.93,,7.317,,2203.84,2257.82,,,2257.82,,,7.335,,,7.335,2433.2,0.57,7.335,,,,7.335,2433.2,0.57,pH/ALK,
5/21/2022,,,Provincetown,Shell,2cm,shell,19.0,22.5,31.82,,7.292,,2542.86,,,2538.15,2538.15,Bad,Data measured in lab so likely bad from mercuric chloride,,,,,,,7.333,,,,,,,bad,
6/2/2022,,,Provincetown,Shell,2cm,shell,16.8,18.3,31.67,,7.506,,2575.59,,,2432.59,2432.59,NBS,pH in NBS scale,,,,,,,7.387,,,,7.387,,,pH only,
6/15/2022,,,Provincetown,Shell,2cm,Shell,18.1,,32.45,,,,3516.66,,,,,,no pH value,,,,,,,,,,,,,,,
7/1/2022,,,Provincetown,Shell,2cm control,Shell,21.7,14.5,32.67,,7.670,,2304.93,,,2295.12,2295.12,,,,,,,,,7.571,,,,7.571,,,pH only,
7/1/2022,,,Provincetown,Shell,2cm,Shell,21.7,15.8,32.67,,7.611,,2224.97,,,2200.67,2200.67,,,,,,,,,7.532,,,,7.532,,,pH only,
7/14/2022,,108,Provincetown,Shell,2cm,Shell,21.3,23.6,32.29,,7.402,,2810.49,,,,,,,,,,,,,7.430,,,,7.430,,,pH only,
8/3/2022,,6,Provincetown,Shell,2cm control,Shell,24.5,14.1,32.82,,7.477,,2665.01,,,,,,,,,,,,,7.348,,,,7.348,,,pH only,
8/3/2022,,4,Provincetown,Shell,2cm,Shell,24.5,13.0,32.82,,7.534,,2668.48,,,,,,,,,,,,,7.388,,,,7.388,,,pH only,
8/14/2022,,816,Provincetown,Shell,2cm,Shell,16.6,22.4,33.03,,7.381,,3018.07,2619.5,,,2619.50,,,7.453,,,7.453,2082.3,0.83,7.453,,,,7.453,2082.3,0.83,pH/ALK,
8/29/2022,,,Provincetown,Shell,2cm,Shell,20.7,20.7,32.55,,7.707,,2761.75,,,,,NBS,"bad pH temp. 20.7 pH temp is due to faulty probe, but 20.7 water/sed temp is correct (from YSI). pH in NBS scale",,,,,,,7.578,,,,7.578,,,pH only,
10/11/2022,,205,Provincetown,Shell,2cm,Shell,12.3,16.3,32.97,,7.481,,2827.10,2497.30,,,2497.30,,,7.534,,,7.534,1597.9,0.79,7.534,,,,7.534,1597.9,0.79,pH/ALK,
10/25/2022,,226,Provincetown,Shell,2cm,Shell,16.4,16.7,32.77,,7.511,,2706.68,2954.91,,,2954.91,,,7.515,,,7.515,2024.5,1.06,7.515,,,,7.515,2024.5,1.06,pH/ALK,
11/4/2022,,256,Provincetown,Shell,2cm,Shell,16.9,17.6,32.35,,7.589,,2452.87,2174.67,,,2174.67,,,7.598,,,7.598,1216.1,0.94,7.598,,,,7.598,1216.1,0.94,pH/ALK,
11/29/2022,,,Provincetown,Shell,2cm,Shell,8.4,8.3,33.31,,7.599,,,2337.89,,,2337.89,,,7.598,,,7.598,1252.0,0.74,7.598,,,,7.598,1252.0,0.74,pH/ALK,
12/4/2022,,310,Provincetown,Shell,2cm,Shell,8.6,4.1,31.80,,7.664,,2513.05,2033.73,,,2033.73,,,7.600,,,7.600,1090.7,0.63,7.600,,,,7.600,1090.7,0.63,pH/ALK,
1/21/2023,,354,Provincetown,Shell,2cm,Shell,4.7,10.1,32.30,,7.625,,2767.15,2654.19,,,2654.19,,,7.703,,,7.703,1085.7,0.89,7.703,,,,7.703,1085.7,0.89,pH/ALK,black residue
2/21/2023,,373,Provincetown,Shell,2cm,Shell,4.6,6.7,31.07,,7.655,,2479.36,2453.56,,,2453.56,,,7.685,,,7.685,1051.9,0.77,7.685,,,,7.685,1051.9,0.77,pH/ALK,
3/20/2023,,401,Provincetown,Shell,2cm,Shell,5.9,18.7,31.94,,7.857,,2006.32,2177.00,,,2177.00,Questionable,uncharacteristically high pH and low DIC for sediment samples,8.051,,,8.051,374.6,1.59,8.051,,,,8.051,374.6,1.59,questionable,
4/17/2023,,434,Provincetown,Shell,2cm,Shell,12.3,14.3,31.33,,7.505,,3182.18,2983.68,,,2983.68,,,7.531,,,7.531,1939.0,0.92,7.531,,,,7.531,1939.0,0.92,pH/ALK,
5/10/2023,,481,Provincetown,Shell,2cm,Shell,17.3,18.1,31.95,,7.480,,2354.72,2295.93,,,2295.93,,,7.490,,,7.490,1680.6,0.79,7.490,,,,7.490,1680.6,0.79,pH/ALK,
6/11/2023,,499,Provincetown,Shell,2cm,Shell,17.9,22.1,30.85,,7.370,,2741.98,2903.19,,,2903.19,,,7.421,,,7.421,2541.4,0.86,7.421,,,,7.421,2541.4,0.86,pH/ALK,