Start_date,Site,Treatment,Buried_Dec,Location_code,color 1,color 2,,Start_len_mm,Start_height_mm,Start_thickness_mm,Collection.month,Collection1_date,Elapsed_days,depth_cm,color,L_mm,H_mm,T_mm,growth_marking,Dead_lengths_mm,growth_height,growth_marking_perc_error,notes
9/26/2022,Eel Pond,N,Y,A2,R,,,17.03,12.99,7.63,December,12/5/2022,70,,,,,,,,,,
9/26/2022,Eel Pond,N,Y,A2,Y,,,13.58,10.14,5.41,December,12/5/2022,70,,,,,,,,,,
9/26/2022,Eel Pond,N,Y,A2,B,,,12.34,9.11,5.32,December,12/5/2022,70,4+,B,,,,8.89,13.83,,,
9/26/2022,Eel Pond,N,Y,A2,L,,,13.12,9.83,5.68,December,12/5/2022,70,0-4,L,20.41,15.99,9.01,4.22,,6.16,0.685064935,
9/26/2022,Eel Pond,N,Y,A2,R,Y,,10.91,7.93,4.57,December,12/5/2022,70,0-4,RY,18.71,13.95,7.9,8.07,,6.02,1.340531561,
9/26/2022,Eel Pond,N,Y,A2,R,B,,9.49,7.41,3.92,December,12/5/2022,70,4+,RB,,,,7.43,10.59,,,
9/26/2022,Eel Pond,N,Y,A2,R,L,,8.69,6.52,3.58,December,12/5/2022,70,,,,,,,,,,
9/26/2022,Eel Pond,N,Y,A2,Y,B,,10.83,8.29,4.71,December,12/5/2022,70,4+,YB,,,,8.17,12.08,,,
9/26/2022,Eel Pond,N,Y,A2,B,L,,10.06,7.51,4.09,December,12/5/2022,70,0-4,LB,18.07,13.81,7.3,7.5,,6.3,1.19047619,
9/26/2022,Eel Pond,N,Y,A2,,,,11.78333333,8.858888889,4.99,December,12/5/2022,70,0-4,NO LABEL,13.84,10.08,5.23,4.22,,1.221111111,3.455868972,
9/26/2022,Eel Pond,N,Y,A2,,,,13.1,9.883333333,5.54,December,12/5/2022,70,0-4,NO LABEL,,,,10.09,14.61,,,"seems like an extra clam not part of the experiment. The growth marking was 10.09, and it was 14.61. It would have had to be about 5mm at the start of the experiment, which is too small."
9/26/2022,Eel Pond,N,,A3,R,,,17.93,13.6,8.17,,,,,,,,,,,,,
9/26/2022,Eel Pond,N,,A3,Y,,,13.65,10.32,5.8,,,,,,,,,,,,,
9/26/2022,Eel Pond,N,,A3,B,,,11.93,9.47,5.45,,,,,,,,,,,,,
9/26/2022,Eel Pond,N,,A3,L,,,12.18,9.41,4.93,,,,,,,,,,,,,
9/26/2022,Eel Pond,N,,A3,R,Y,,11.04,8.26,4.59,,,,,,,,,,,,,
9/26/2022,Eel Pond,N,,A3,R,B,,9.76,7.39,4,,,,,,,,,,,,,
9/26/2022,Eel Pond,N,,A3,R,L,,9.45,7.02,3.82,,,,,,,,,,,,,
9/26/2022,Eel Pond,N,,A3,Y,B,,10.07,7.54,3.91,,,,,,,,,,,,,
9/26/2022,Eel Pond,N,,A3,B,L,,9.98,7.23,3.87,,,,,,,,,,,,,
9/26/2022,Eel Pond,N,,A4,R,,,17.5,12.99,6.96,,,,,,,,,,,,,
9/26/2022,Eel Pond,N,,A4,Y,,,13.05,9.85,5.16,,,,,,,,,,,,,
9/26/2022,Eel Pond,N,,A4,B,,,12.44,8.96,5.17,,,,,,,,,,,,,
9/26/2022,Eel Pond,N,,A4,L,,,11.46,8.75,4.84,,,,,,,,,,,,,
9/26/2022,Eel Pond,N,,A4,R,Y,,9.7,7.76,4.44,,,,,,,,,,,,,
9/26/2022,Eel Pond,N,,A4,R,B,,9.36,6.84,3.76,,,,,,,,,,,,,
9/26/2022,Eel Pond,N,,A4,R,L,,10.67,8.32,4.85,,,,,,,,,,,,,
9/26/2022,Eel Pond,N,,A4,Y,B,,9.73,7.83,4.13,,,,,,,,,,,,,
9/26/2022,Eel Pond,N,,A4,B,L,,10.48,7.97,4.48,,,,,,,,,,,,,
9/26/2022,Eel Pond,S,N,B1,R,,,18.21,14,8.1,December,12/5/2022,70,4+,R,,,,10.1,18.13,,,
9/26/2022,Eel Pond,S,N,B1,Y,,,12.71,9.63,5.56,December,12/5/2022,70,,,,,,,,,,
9/26/2022,Eel Pond,S,N,B1,B,,,12.8,9.09,4.92,December,12/5/2022,70,4+,B,,,,,,,,
9/26/2022,Eel Pond,S,N,B1,L,,,11.23,8.83,4.91,December,12/5/2022,70,,,,,,,,,,
9/26/2022,Eel Pond,S,N,B1,R,Y,,10.59,8.21,4.42,December,12/5/2022,70,,,,,,,,,,
9/26/2022,Eel Pond,S,N,B1,R,B,,9.94,7.47,4.03,December,12/5/2022,70,,,,,,,,,,
9/26/2022,Eel Pond,S,N,B1,R,L,,10.11,7.63,4.17,December,12/5/2022,70,,,,,,,,,,
9/26/2022,Eel Pond,S,N,B1,Y,B,,9.03,6.72,3.62,December,12/5/2022,70,,,,,,,,,,
9/26/2022,Eel Pond,S,N,B1,B,L,,10.08,8.02,4.42,December,12/5/2022,70,,,,,,,,,,
9/26/2022,Eel Pond,S,N,B1,No label,,,10.52714286,8.072857143,4.447142857,December,12/5/2022,70,4+,NO LABEL,,,,7.67,13.49,,,
9/26/2022,Eel Pond,S,N,B1,No label,,,10.52714286,8.072857143,4.447142857,December,12/5/2022,70,4+,NO LABEL,17.38,13.67,7.93,8.89,,5.597142857,1.588310362,
9/26/2022,Eel Pond,S,N,B1,No label,,,10.52714286,8.072857143,4.447142857,December,12/5/2022,70,4+,NO LABEL,16.75,12.94,7.49,8.88,,4.867142857,1.824479014,
9/26/2022,Eel Pond,S,N,B1,No label,,,10.52714286,8.072857143,4.447142857,December,12/5/2022,70,4+,NO LABEL,16.68,13.2,7.87,9.7,,5.127142857,1.891891892,
9/26/2022,Eel Pond,S,,B2,R,,,15.62,11.4,6.77,,,,,,,,,,,,,
9/26/2022,Eel Pond,S,,B2,Y,,,14.08,10.17,5.47,,,,,,,,,,,,,
9/26/2022,Eel Pond,S,,B2,B,,,10.94,8.5,4.73,,,,,,,,,,,,,
9/26/2022,Eel Pond,S,,B2,L,,,11.74,8.92,4.98,,,,,,,,,,,,,
9/26/2022,Eel Pond,S,,B2,R,Y,,10.23,7.77,4.3,,,,,,,,,,,,,
9/26/2022,Eel Pond,S,,B2,R,B,,9.63,7.63,4.04,,,,,,,,,,,,,
9/26/2022,Eel Pond,S,,B2,R,L,,10.95,8.08,4.67,,,,,,,,,,,,,
9/26/2022,Eel Pond,S,,B2,Y,B,,9.61,7.31,3.84,,,,,,,,,,,,,
9/26/2022,Eel Pond,S,,B2,B,L,,9.11,7.05,3.85,,,,,,,,,,,,,
9/26/2022,Eel Pond,S,,B3,R,,,14.45,10.31,5.72,,,,,,,,,,,,,
9/26/2022,Eel Pond,S,,B3,Y,,,14.6,10.79,6.44,,,,,,,,,,,,,
9/26/2022,Eel Pond,S,,B3,B,,,12.39,9.3,4.91,,,,,,,,,,,,,
9/26/2022,Eel Pond,S,,B3,L,,,11.2,8.93,4.9,,,,,,,,,,,,,
9/26/2022,Eel Pond,S,,B3,R,Y,,10.74,8.14,4.4,,,,,,,,,,,,,
9/26/2022,Eel Pond,S,,B3,R,B,,10.16,7.76,4.44,,,,,,,,,,,,,
9/26/2022,Eel Pond,S,,B3,R,L,,10.36,7.72,4.32,,,,,,,,,,,,,
9/26/2022,Eel Pond,S,,B3,Y,B,,8.36,6.7,3.46,,,,,,,,,,,,,
9/26/2022,Eel Pond,S,,B3,B,L,,9.45,7.57,4.44,,,,,,,,,,,,,
9/26/2022,Eel Pond,N,,C1,R,,,15.44,11.12,6.4,,,,,,,,,,,,,
9/26/2022,Eel Pond,N,,C1,Y,,,12.63,9.8,5.85,,,,,,,,,,,,,
9/26/2022,Eel Pond,N,,C1,B,,,11.96,8.84,4.78,,,,,,,,,,,,,
9/26/2022,Eel Pond,N,,C1,L,,,11.39,8.88,5.12,,,,,,,,,,,,,
9/26/2022,Eel Pond,N,,C1,R,Y,,11.03,8.32,4.76,,,,,,,,,,,,,
9/26/2022,Eel Pond,N,,C1,R,B,,9.94,7.37,3.71,,,,,,,,,,,,,
9/26/2022,Eel Pond,N,,C1,R,L,,9.67,7.28,4.21,,,,,,,,,,,,,
9/26/2022,Eel Pond,N,,C1,Y,B,,9.81,7.53,4.15,,,,,,,,,,,,,
9/26/2022,Eel Pond,N,,C1,B,L,,9.1,6.98,3.84,,,,,,,,,,,,,
9/26/2022,Eel Pond,N,P,C2,R,,,15.58,11.62,6.8,December,12/5/2022,70,0-4,R,18.98,14.53,8.45,6.22,,2.91,2.137457045,
9/26/2022,Eel Pond,N,P,C2,Y,,,12.75,9.77,5.41,December,12/5/2022,70,,,,,,,,,,
9/26/2022,Eel Pond,N,P,C2,B,,,11.93,8.69,4.44,December,12/5/2022,70,,,,,,,,,,
9/26/2022,Eel Pond,N,P,C2,L,,,11.59,8.81,4.87,December,12/5/2022,70,,,,,,,,,,
9/26/2022,Eel Pond,N,P,C2,R,Y,,11.47,8.6,4.75,December,12/5/2022,70,,,,,,,,,,
9/26/2022,Eel Pond,N,P,C2,R,B,,9.53,7.27,3.99,December,12/5/2022,70,,,,,,,,,,
9/26/2022,Eel Pond,N,P,C2,R,L,,10.52,7.57,4.59,December,12/5/2022,70,0-4,RL,17.47,13.27,7.48,7.78,,5.7,1.364912281,
9/26/2022,Eel Pond,N,P,C2,Y,B,,9.72,6.77,4.3,December,12/5/2022,70,,,,,,,,,,
9/26/2022,Eel Pond,N,P,C2,B,L,,10.13,7.33,4.23,December,12/5/2022,70,,,,,,,,,,
9/26/2022,Eel Pond,N,P,C2,,,,11.01714286,8.177142857,4.57,December,12/5/2022,70,0-4,NO LABEL,,,,,24.07,,,
9/26/2022,Eel Pond,N,,C3,R,,,14.02,10.27,5.4,,,,,,,,,,,,,
9/26/2022,Eel Pond,N,,C3,Y,,,13.93,10.59,5.93,,,,,,,,,,,,,
9/26/2022,Eel Pond,N,,C3,B,,,12.95,10.01,5.58,,,,,,,,,,,,,
9/26/2022,Eel Pond,N,,C3,L,,,10.99,8.05,4.66,,,,,,,,,,,,,
9/26/2022,Eel Pond,N,,C3,R,Y,,10.73,8.06,4.1,,,,,,,,,,,,,
9/26/2022,Eel Pond,N,,C3,R,B,,10.58,8.03,4.12,,,,,,,,,,,,,
9/26/2022,Eel Pond,N,,C3,R,L,,11.22,8.31,4.5,,,,,,,,,,,,,
9/26/2022,Eel Pond,N,,C3,Y,B,,8.28,6.42,3.46,,,,,,,,,,,,,
9/26/2022,Eel Pond,N,,C3,B,L,,9.62,7.28,4.02,,,,,,,,,,,,,
9/26/2022,Eel Pond,S,Y,D2,R,,,15.75,11.65,6.72,December,12/5/2022,70,0-4,R,21.22,15.92,9.32,11.76,,4.27,2.754098361,
9/26/2022,Eel Pond,S,Y,D2,Y,,,11.79,9.17,5.07,December,12/5/2022,70,,,,,,,,,,
9/26/2022,Eel Pond,S,Y,D2,B,,,13.36,9.42,5.3,December,12/5/2022,70,0-4,B,18.45,13.95,7.97,9.8,,4.53,2.163355408,
9/26/2022,Eel Pond,S,Y,D2,L,,,11.23,8.69,4.61,December,12/5/2022,70,,,,,,,,,,
9/26/2022,Eel Pond,S,Y,D2,R,Y,,10.93,8.51,4.92,December,12/5/2022,70,,,,,,,,,,
9/26/2022,Eel Pond,S,Y,D2,R,B,,10.96,8.17,4.86,December,12/5/2022,70,,,,,,,,,,
9/26/2022,Eel Pond,S,Y,D2,R,L,,10.34,7.93,4.53,December,12/5/2022,70,,,,,,,,,,
9/26/2022,Eel Pond,S,Y,D2,Y,B,,8.88,6.94,3.62,December,12/5/2022,70,,,,,,,,,,
9/26/2022,Eel Pond,S,Y,D2,B,L,,10.04,7.71,4.27,December,12/5/2022,70,,,,,,,,,,
9/26/2022,Eel Pond,S,Y,D2,,,,10.59571429,8.16,4.554285714,December,12/5/2022,70,4+,NO LABEL,14.78,11.29,6.23,8.5,,3.13,2.715654952,"Again, the growth marking is too big leading me to think that this clam must have been too small to be part of the initial experiment"
9/26/2022,Eel Pond,S,,D3,R,,,13.35,10.1,5.6,,,,,,,,,,,,,
9/26/2022,Eel Pond,S,,D3,Y,,,13.38,10.2,5.46,,,,,,,,,,,,,
9/26/2022,Eel Pond,S,,D3,B,,,12.4,9.16,5.06,,,,,,,,,,,,,
9/26/2022,Eel Pond,S,,D3,L,,,11.04,8.25,4.04,,,,,,,,,,,,,
9/26/2022,Eel Pond,S,,D3,R,Y,,11.01,8.13,4.25,,,,,,,,,,,,,
9/26/2022,Eel Pond,S,,D3,R,B,,9.11,6.94,3.76,,,,,,,,,,,,,
9/26/2022,Eel Pond,S,,D3,R,L,,10.25,7.82,4.55,,,,,,,,,,,,,
9/26/2022,Eel Pond,S,,D3,Y,B,,9.21,7.27,4.1,,,,,,,,,,,,,
9/26/2022,Eel Pond,S,,D3,B,L,,9.41,6.53,3.7,,,,,,,,,,,,,
9/26/2022,Eel Pond,S,,D4,R,,,13.68,10.43,5.57,,,,,,,,,,,,,
9/26/2022,Eel Pond,S,,D4,Y,,,13.15,9.56,5.4,,,,,,,,,,,,,
9/26/2022,Eel Pond,S,,D4,B,,,12.6,9.88,5.57,,,,,,,,,,,,,
9/26/2022,Eel Pond,S,,D4,L,,,11.87,9.04,5.12,,,,,,,,,,,,,
9/26/2022,Eel Pond,S,,D4,R,Y,,11.39,8.72,4.86,,,,,,,,,,,,,
9/26/2022,Eel Pond,S,,D4,R,B,,11.73,8.82,4.68,,,,,,,,,,,,,
9/26/2022,Eel Pond,S,,D4,R,L,,9.77,7.52,4.33,,,,,,,,,,,,,
9/26/2022,Eel Pond,S,,D4,Y,B,,10.93,8.32,4.49,,,,,,,,,,,,,
9/26/2022,Eel Pond,S,,D4,B,L,,10.71,7.99,4.42,,,,,,,,,,,,,
9/26/2022,Eel Pond,S,N,E2,R,,,14.34,10.78,5.65,December,12/5/2022,70,0-4,R,,,,8.45,15.79,,,
9/26/2022,Eel Pond,S,N,E2,Y,,,13.25,9.89,5.63,December,12/5/2022,70,0-4,Y,,,,9.72,15.55,,,
9/26/2022,Eel Pond,S,N,E2,B,,,13.53,9.92,5.51,December,12/5/2022,70,0-4,B,19.29,14.49,8.19,9.93,,4.57,2.172866521,
9/26/2022,Eel Pond,S,N,E2,L,,,12.8,9.35,5.42,December,12/5/2022,70,0-4,L,17.9,13.45,8.13,9.18,,4.1,2.23902439,
9/26/2022,Eel Pond,S,N,E2,R,Y,,11.27,8.42,4.58,December,12/5/2022,70,,,,,,,,,,
9/26/2022,Eel Pond,S,N,E2,R,B,,11.03,8.31,4.76,December,12/5/2022,70,0-4,BR,14.82,11.39,6.61,8.17,,3.08,2.652597403,
9/26/2022,Eel Pond,S,N,E2,R,L,,10.97,8.2,4.58,December,12/5/2022,70,0-4,LR,,,,8.11,16.76,,,
9/26/2022,Eel Pond,S,N,E2,Y,B,,10.72,8.19,4.4,December,12/5/2022,70,,,,,,,,,,
9/26/2022,Eel Pond,S,N,E2,B,L,,9.88,7.3,4.28,December,12/5/2022,70,0-4,BL,15.44,11.95,6.88,7.44,,4.65,1.6,
9/26/2022,Eel Pond,S,N,E2,,,,11.97666667,8.928888889,4.978888889,December,12/5/2022,70,0-4,BL,,,,8.25,,,,"Two BL's, cracked so no final length"
9/26/2022,Eel Pond,S,,E3,R,,,14.02,11.08,5.98,,,,,,,,,,,,,
9/26/2022,Eel Pond,S,,E3,Y,,,12.93,9.73,5.22,,,,,,,,,,,,,
9/26/2022,Eel Pond,S,,E3,B,,,12.17,9.04,5.07,,,,,,,,,,,,,
9/26/2022,Eel Pond,S,,E3,L,,,11.64,8.63,4.69,,,,,,,,,,,,,
9/26/2022,Eel Pond,S,,E3,R,Y,,10.59,7.83,4.25,,,,,,,,,,,,,
9/26/2022,Eel Pond,S,,E3,R,B,,9.78,7.41,3.94,,,,,,,,,,,,,
9/26/2022,Eel Pond,S,,E3,R,L,,11.03,8.17,4.66,,,,,,,,,,,,,
9/26/2022,Eel Pond,S,,E3,Y,B,,10.42,7.86,4.29,,,,,,,,,,,,,
9/26/2022,Eel Pond,S,,E3,B,L,,8.86,6.82,3.61,,,,,,,,,,,,,
9/26/2022,Eel Pond,S,,E4,R,,,14.66,11.44,6.33,,,,,,,,,,,,,
9/26/2022,Eel Pond,S,,E4,Y,,,13.39,9.41,4.91,,,,,,,,,,,,,
9/26/2022,Eel Pond,S,,E4,B,,,11.35,8.14,4.75,,,,,,,,,,,,,
9/26/2022,Eel Pond,S,,E4,L,,,11.41,8.77,5.07,,,,,,,,,,,,,
9/26/2022,Eel Pond,S,,E4,R,Y,,10.62,8.38,4.44,,,,,,,,,,,,,
9/26/2022,Eel Pond,S,,E4,R,B,,10.54,7.91,4.3,,,,,,,,,,,,,
9/26/2022,Eel Pond,S,,E4,R,L,,9.35,7,3.92,,,,,,,,,,,,,
9/26/2022,Eel Pond,S,,E4,Y,B,,10.1,7.84,4.18,,,,,,,,,,,,,
9/26/2022,Eel Pond,S,,E4,B,L,,9.66,7.67,4.13,,,,,,,,,,,,,
9/26/2022,Eel Pond,N,N,F1,R,,,15.1,11.4,6.3,December,12/5/2022,70,,,,,,,,,,
9/26/2022,Eel Pond,N,N,F1,Y,,,13.6,10,5.7,December,12/5/2022,70,,,,,,,,,,
9/26/2022,Eel Pond,N,N,F1,B,,,12.8,8.8,5.7,December,12/5/2022,70,4+,B,,,,,13.87,,,
9/26/2022,Eel Pond,N,N,F1,L,,,12,8.8,5,December,12/5/2022,70,4+,L,,,,,12.28,,,
9/26/2022,Eel Pond,N,N,F1,R,Y,,11.7,8.6,5.8,December,12/5/2022,70,,,,,,,,,,
9/26/2022,Eel Pond,N,N,F1,R,B,,9.9,7.1,4.2,December,12/5/2022,70,,,,,,,,,,
9/26/2022,Eel Pond,N,N,F1,R,L,,9.8,7.3,3.9,December,12/5/2022,70,4+,RL,10.3,7.88,4.26,,,0.58,,
9/26/2022,Eel Pond,N,N,F1,Y,B,,10.8,8.3,4.5,December,12/5/2022,70,,,,,,,,,,
9/26/2022,Eel Pond,N,N,F1,B,L,,11.4,7.8,4.4,December,12/5/2022,70,0-4,LB,14.46,10.99,6.24,7.77,,3.19,2.435736677,
9/26/2022,Eel Pond,N,N,F1,,,,11.9,8.677777778,5.055555556,December,12/5/2022,70,0-4,RX,18.35,14.2,7.98,8.86,,5.522222222,1.604426559,
9/26/2022,Eel Pond,N,N,F1,,,,11.9,8.677777778,5.055555556,December,12/5/2022,70,4+,NO LABEL,,,,,12.35,,,
9/26/2022,Eel Pond,N,N,F1,,,,11.9,8.677777778,5.055555556,December,12/5/2022,70,4+,NO LABEL,,,,,10,,,
9/26/2022,Eel Pond,N,,F2,R,,,15.7,11.8,7,,,,,,,,,,,,,
9/26/2022,Eel Pond,N,,F2,Y,,,12.7,9.9,5.9,,,,,,,,,,,,,
9/26/2022,Eel Pond,N,,F2,B,,,12.3,9.4,5.8,,,,,,,,,,,,,
9/26/2022,Eel Pond,N,,F2,L,,,12.5,9,5.2,,,,,,,,,,,,,
9/26/2022,Eel Pond,N,,F2,R,Y,,11.5,8.8,4.7,,,,,,,,,,,,,
9/26/2022,Eel Pond,N,,F2,R,B,,9.4,7.3,4.3,,,,,,,,,,,,,
9/26/2022,Eel Pond,N,,F2,R,L,,10.1,7.9,4.5,,,,,,,,,,,,,
9/26/2022,Eel Pond,N,,F2,Y,B,,11.2,8.8,5.1,,,,,,,,,,,,,
9/26/2022,Eel Pond,N,,F2,B,L,,10.6,7.9,4.4,,,,,,,,,,,,,
9/26/2022,Eel Pond,N,,F3,R,,,15.4,12,6.8,,,,,,,,,,,,,
9/26/2022,Eel Pond,N,,F3,Y,,,13.3,10.1,5.9,,,,,,,,,,,,,
9/26/2022,Eel Pond,N,,F3,B,,,14.3,10.4,6.5,,,,,,,,,,,,,
9/26/2022,Eel Pond,N,,F3,L,,,11.3,8.5,4.8,,,,,,,,,,,,,
9/26/2022,Eel Pond,N,,F3,R,Y,,11.7,8.5,4.5,,,,,,,,,,,,,
9/26/2022,Eel Pond,N,,F3,R,B,,10.4,7.9,4.6,,,,,,,,,,,,,
9/26/2022,Eel Pond,N,,F3,R,L,,10,7.9,4.6,,,,,,,,,,,,,
9/26/2022,Eel Pond,N,,F3,Y,B,,10.8,8.4,4.8,,,,,,,,,,,,,
9/26/2022,Eel Pond,N,,F3,B,L,,11.3,8.5,5.1,,,,,,,,,,,,,
9/26/2022,Eel Pond,S,N,G2,R,,,14.2,10.4,5.9,December,12/5/2022,70,0-4,R,19.66,15.08,8.32,10.72,,4.68,2.290598291,G2?
9/26/2022,Eel Pond,S,N,G2,Y,,,13.3,9.8,5.9,December,12/5/2022,70,0-4,Y,17.79,13.53,7.62,9.61,,3.73,2.576407507,"G2 - had to sample from 2 cages from row G, and so I assume G2 is the cage sampled from and the original G that was sampled from is not G2 (unknown which)"
9/26/2022,Eel Pond,S,N,G2,B,,,11.7,9.1,5,December,12/5/2022,70,4+,B,17.1,12.66,7.04,8.87,,3.56,2.491573034,G2?
9/26/2022,Eel Pond,S,N,G2,L,,,12.3,9,5.1,December,12/5/2022,70,4+,L,17.37,13.13,7.28,8.07,,4.13,1.953995157,G2?
9/26/2022,Eel Pond,S,N,G2,R,Y,,10.8,8.2,4.5,December,12/5/2022,70,,,,,,,,,,
9/26/2022,Eel Pond,S,N,G2,R,B,,9.8,7.4,4.6,December,12/5/2022,70,,,,,,,,,,
9/26/2022,Eel Pond,S,N,G2,R,L,,9.7,7.5,4.4,December,12/5/2022,70,0-4,RL,16.09,12.73,6.94,7.46,,5.23,1.426386233,G2?
9/26/2022,Eel Pond,S,N,G2,Y,B,,11.1,8.1,5.2,December,12/5/2022,70,0-4,BY,16.9,13.32,8.22,8.46,,5.22,1.620689655,G2?
9/26/2022,Eel Pond,S,N,G2,B,L,,10,7.7,4.4,December,12/5/2022,70,0-4,BL,16.53,12.75,7.43,8.4,,5.05,1.663366337,G2?
9/26/2022,Eel Pond,S,,G3,R,,,15.2,11.5,7,,,,,,,,,,,,,
9/26/2022,Eel Pond,S,,G3,Y,,,13.4,10.4,6,,,,,,,,,,,,,
9/26/2022,Eel Pond,S,,G3,B,,,12.2,8.3,5,,,,,,,,,,,,,
9/26/2022,Eel Pond,S,,G3,L,,,11.7,8.6,4.7,,,,,,,,,,,,,
9/26/2022,Eel Pond,S,,G3,R,Y,,10.2,7.5,4.6,,,,,,,,,,,,,
9/26/2022,Eel Pond,S,,G3,R,B,,10.3,7.5,4.5,,,,,,,,,,,,,
9/26/2022,Eel Pond,S,,G3,R,L,,9.8,6.9,4,,,,,,,,,,,,,
9/26/2022,Eel Pond,S,,G3,Y,B,,11.4,8.3,4.8,,,,,,,,,,,,,
9/26/2022,Eel Pond,S,,G3,B,L,,10.5,8,4.5,,,,,,,,,,,,,
9/26/2022,Eel Pond,S,,G4,R,,,13.9,10,6,,,,,,,,,,,,,
9/26/2022,Eel Pond,S,,G4,Y,,,13,9.9,5.4,,,,,,,,,,,,,
9/26/2022,Eel Pond,S,,G4,B,,,12.1,8.5,5.2,,,,,,,,,,,,,
9/26/2022,Eel Pond,S,,G4,L,,,11.6,8.4,4.8,,,,,,,,,,,,,
9/26/2022,Eel Pond,S,,G4,R,Y,,11.4,7.9,4.9,,,,,,,,,,,,,
9/26/2022,Eel Pond,S,,G4,R,B,,9,7.2,3.8,,,,,,,,,,,,,
9/26/2022,Eel Pond,S,,G4,R,L,,9.5,7.2,4,,,,,,,,,,,,,
9/26/2022,Eel Pond,S,,G4,Y,B,,10.9,8.4,5.4,,,,,,,,,,,,,
9/26/2022,Eel Pond,S,,G4,B,L,,11.3,8.2,4.8,,,,,,,,,,,,,
9/26/2022,Eel Pond,N,N,H2,R,,,12.6,10,5.6,December,12/5/2022,70,0-4,R,21.79,17.04,9.79,10.24,,7.04,1.454545455,
9/26/2022,Eel Pond,N,N,H2,Y,,,13.2,10,6.1,December,12/5/2022,70,0-4,Y,20.2,15.67,9.39,10.08,,5.67,1.777777778,
9/26/2022,Eel Pond,N,N,H2,B,,,10.9,8,4.5,December,12/5/2022,70,,,,,,,,,,
9/26/2022,Eel Pond,N,N,H2,L,,,11.6,9,5.1,December,12/5/2022,70,,,,,,,,,,
9/26/2022,Eel Pond,N,N,H2,R,Y,,12.2,9.1,5.5,December,12/5/2022,70,,,,,,,,,,
9/26/2022,Eel Pond,N,N,H2,R,B,,10.2,7.5,4.2,December,12/5/2022,70,,,,,,,,,,
9/26/2022,Eel Pond,N,N,H2,R,L,,11.8,9.2,5.5,December,12/5/2022,70,0-4,RL,22,16.55,9.5,9.03,,7.35,1.228571429,
9/26/2022,Eel Pond,N,N,H2,Y,B,,10.9,8.4,5.3,December,12/5/2022,70,,,,,,,,,,
9/26/2022,Eel Pond,N,N,H2,B,L,,11.1,8.3,4.8,December,12/5/2022,70,0-4,BL,19.54,15.03,8.07,8.54,,6.73,1.268945022,
9/26/2022,Eel Pond,N,N,H2,,,,11.61111111,8.833333333,5.177777778,December,12/5/2022,70,0-4,RX,18.35,13.44,7.58,7.43,,4.606666667,1.612879884,
9/26/2022,Eel Pond,N,N,H2,,,,11.61111111,8.833333333,5.177777778,December,12/5/2022,70,0-4,NO LABEL,15.8,12.22,6.65,8.43,,3.386666667,2.489173228,
9/26/2022,Eel Pond,N,N,H2,,,,11.61111111,8.833333333,5.177777778,December,12/5/2022,70,0-4,NO LABEL,19,14.34,8.04,9.09,,5.506666667,1.650726392,
9/26/2022,Eel Pond,N,,H3,R,,,13.5,10.9,6.7,,,,,,,,,,,,,
9/26/2022,Eel Pond,N,,H3,Y,,,13.3,9.7,5.6,,,,,,,,,,,,,
9/26/2022,Eel Pond,N,,H3,B,,,11.5,9.2,5.7,,,,,,,,,,,,,
9/26/2022,Eel Pond,N,,H3,L,,,11.7,8.9,5.1,,,,,,,,,,,,,
9/26/2022,Eel Pond,N,,H3,R,Y,,10.5,8.1,4.6,,,,,,,,,,,,,
9/26/2022,Eel Pond,N,,H3,R,B,,9.9,7.5,4.3,,,,,,,,,,,,,
9/26/2022,Eel Pond,N,,H3,R,L,,10.7,8.1,5.2,,,,,,,,,,,,,
9/26/2022,Eel Pond,N,,H3,Y,B,,11.1,8.4,4.9,,,,,,,,,,,,,
9/26/2022,Eel Pond,N,,H3,B,L,,10.8,8.5,4.9,,,,,,,,,,,,,
9/26/2022,Eel Pond,N,,H4,R,,,13.8,10.5,6.1,,,,,,,,,,,,,
9/26/2022,Eel Pond,N,,H4,Y,,,11.5,8.6,4.5,,,,,,,,,,,,,
9/26/2022,Eel Pond,N,,H4,B,,,12.1,9,5.3,,,,,,,,,,,,,
9/26/2022,Eel Pond,N,,H4,L,,,12.2,8.8,4.8,,,,,,,,,,,,,
9/26/2022,Eel Pond,N,,H4,R,Y,,11.9,8.8,5.3,,,,,,,,,,,,,
9/26/2022,Eel Pond,N,,H4,R,B,,9.2,7.1,4,,,,,,,,,,,,,
9/26/2022,Eel Pond,N,,H4,R,L,,9.8,7.7,4.2,,,,,,,,,,,,,
9/26/2022,Eel Pond,N,,H4,Y,B,,10.9,8.4,4.5,,,,,,,,,,,,,
9/26/2022,Eel Pond,N,,H4,B,L,,11,8.4,4.5,,,,,,,,,,,,,
9/26/2022,Eel Pond,N,,I2,R,,,15.1,11.2,7.3,,,,,,,,,,,,,
9/26/2022,Eel Pond,N,,I2,Y,,,13.2,9.9,6,,,,,,,,,,,,,
9/26/2022,Eel Pond,N,,I2,B,,,12.6,9.7,5.8,,,,,,,,,,,,,
9/26/2022,Eel Pond,N,,I2,L,,,12.2,9.1,5.2,,,,,,,,,,,,,
9/26/2022,Eel Pond,N,,I2,R,Y,,11.5,8.4,5.1,,,,,,,,,,,,,
9/26/2022,Eel Pond,N,,I2,R,B,,9.8,7.1,4.4,,,,,,,,,,,,,
9/26/2022,Eel Pond,N,,I2,R,L,,10.3,7.7,4.4,,,,,,,,,,,,,
9/26/2022,Eel Pond,N,,I2,Y,B,,9.5,7.5,4.4,,,,,,,,,,,,,
9/26/2022,Eel Pond,N,,I2,B,L,,10.8,8.1,4.6,,,,,,,,,,,,,
9/26/2022,Eel Pond,N,N,I3,R,,,14.5,10.2,6,December,12/5/2022,70,4+,R,22,16.18,9.65,9.88,,5.98,1.652173913,
9/26/2022,Eel Pond,N,N,I3,Y,,,11.4,8.6,4.4,December,12/5/2022,70,4+,Y,17.47,13.31,7.67,8.55,,4.71,1.815286624,
9/26/2022,Eel Pond,N,N,I3,B,,,11.9,8.9,5,December,12/5/2022,70,0-4,B,,,,8.82,15.44,,,
9/26/2022,Eel Pond,N,N,I3,L,,,11.7,9,5.3,December,12/5/2022,70,,,,,,,,,,
9/26/2022,Eel Pond,N,N,I3,R,Y,,11.2,8.4,5,December,12/5/2022,70,,,,,,,,,,
9/26/2022,Eel Pond,N,N,I3,R,B,,10.6,7.7,4.5,December,12/5/2022,70,,,,,,,,,,
9/26/2022,Eel Pond,N,N,I3,R,L,,9.6,7.3,4.3,December,12/5/2022,70,0-4,RL,17.98,13.8,7.94,8.51,,6.5,1.309230769,
9/26/2022,Eel Pond,N,N,I3,Y,B,,11.4,8.5,4.9,December,12/5/2022,70,0-4,BY,19.88,15.51,8.14,8.79,,7.01,1.253922967,
9/26/2022,Eel Pond,N,N,I3,B,L,,10.7,8,4.8,December,12/5/2022,70,,,,,,,,,,
9/26/2022,Eel Pond,N,N,I3,,,,11.44444444,8.511111111,4.911111111,December,12/5/2022,70,0-4,B,18.54,14.22,8.17,7.99,,5.708888889,1.399571818,also named B and RL…
9/26/2022,Eel Pond,N,N,I3,,,,11.44444444,8.511111111,4.911111111,December,12/5/2022,70,0-4,RL,18.25,13.8,7.62,7.23,,5.288888889,1.367016807,
9/26/2022,Eel Pond,N,N,I3,,,,11.44444444,8.511111111,4.911111111,December,12/5/2022,70,4+,NO LABEL,,,,8.66,15.95,,,
9/26/2022,Eel Pond,N,N,I3,,,,11.44444444,8.511111111,4.911111111,December,12/5/2022,70,0-4,,,,,7.6,12.2,,,
9/26/2022,Eel Pond,N,N,I3,,,,11.44444444,8.511111111,4.911111111,December,12/5/2022,70,4+,,,,,8.2,15.3,,,
9/26/2022,Eel Pond,N,,I4,R,,,13.2,10.5,6.1,,,,,,,,,,,,,
9/26/2022,Eel Pond,N,,I4,Y,,,12.7,9.3,5.5,,,,,,,,,,,,,
9/26/2022,Eel Pond,N,,I4,B,,,12.3,8.9,5.1,,,,,,,,,,,,,
9/26/2022,Eel Pond,N,,I4,L,,,13,9.7,5.3,,,,,,,,,,,,,
9/26/2022,Eel Pond,N,,I4,R,Y,,12,9.2,5.2,,,,,,,,,,,,,
9/26/2022,Eel Pond,N,,I4,R,B,,10.4,8.4,4.5,,,,,,,,,,,,,
9/26/2022,Eel Pond,N,,I4,R,L,,9.9,7.4,4.3,,,,,,,,,,,,,
9/26/2022,Eel Pond,N,,I4,Y,B,,10.1,7.5,4.3,,,,,,,,,,,,,
9/26/2022,Eel Pond,N,,I4,B,L,,9.8,7.2,4.3,,,,,,,,,,,,,
9/26/2022,Eel Pond,S,,J1,R,,,13.9,10.4,5.4,,,,,,,,,,,,,
9/26/2022,Eel Pond,S,,J1,Y,,,13,9,5.7,,,,,,,,,,,,,
9/26/2022,Eel Pond,S,,J1,B,,,12.5,9.7,5.7,,,,,,,,,,,,,
9/26/2022,Eel Pond,S,,J1,L,,,10.9,8.3,4.5,,,,,,,,,,,,,
9/26/2022,Eel Pond,S,,J1,R,Y,,11,8,4.6,,,,,,,,,,,,,
9/26/2022,Eel Pond,S,,J1,R,B,,9.7,7.9,4.2,,,,,,,,,,,,,
9/26/2022,Eel Pond,S,,J1,R,L,,10.5,8.1,4.5,,,,,,,,,,,,,
9/26/2022,Eel Pond,S,,J1,Y,B,,10.5,8.2,4.9,,,,,,,,,,,,,
9/26/2022,Eel Pond,S,,J1,B,L,,10.5,7.8,4.5,,,,,,,,,,,,,
9/26/2022,Eel Pond,S,,J2,R,,,13.7,10.2,6.1,,,,,,,,,,,,,
9/26/2022,Eel Pond,S,,J2,Y,,,12.6,9.7,5.6,,,,,,,,,,,,,
9/26/2022,Eel Pond,S,,J2,B,,,12,9,5.6,,,,,,,,,,,,,
9/26/2022,Eel Pond,S,,J2,L,,,10.5,8.5,5,,,,,,,,,,,,,
9/26/2022,Eel Pond,S,,J2,R,Y,,10.7,8.3,4.1,,,,,,,,,,,,,
9/26/2022,Eel Pond,S,,J2,R,B,,9.9,7.5,4.5,,,,,,,,,,,,,
9/26/2022,Eel Pond,S,,J2,R,L,,9.3,7.1,4.3,,,,,,,,,,,,,
9/26/2022,Eel Pond,S,,J2,Y,B,,11.4,8.7,4.2,,,,,,,,,,,,,
9/26/2022,Eel Pond,S,,J2,B,L,,10.6,7.6,4.5,,,,,,,,,,,,,
9/26/2022,Eel Pond,S,N,J3,R,,,13.5,10,5.4,December,12/5/2022,70,0-4,R,19.26,14.3,7.86,,,4.3,,No growth marking measurement
9/26/2022,Eel Pond,S,N,J3,Y,,,12.1,9.4,5.4,December,12/5/2022,70,0-4,Y,16.95,13.12,7.54,,,3.72,,No growth marking measurement
9/26/2022,Eel Pond,S,N,J3,B,,,11.5,9,5,December,12/5/2022,70,0-4,B,17.09,13.41,7.71,,,4.41,,No growth marking measurement
9/26/2022,Eel Pond,S,N,J3,L,,,11.3,8.6,4.5,December,12/5/2022,70,0-4,L,18.22,13.96,7.45,,,5.36,,No growth marking measurement
9/26/2022,Eel Pond,S,N,J3,R,Y,,10.2,7.7,4.5,December,12/5/2022,70,4+,RY,17.72,13.3,7.38,,,5.6,,No growth marking measurement
9/26/2022,Eel Pond,S,N,J3,R,B,,9.4,7.1,4.2,December,12/5/2022,70,0-4,BR,15.11,11.36,6.64,,,4.26,,No growth marking measurement
9/26/2022,Eel Pond,S,N,J3,R,L,,10.1,8.1,4.3,December,12/5/2022,70,0-4,RL,16.09,12.39,6.86,,,4.29,,No growth marking measurement
9/26/2022,Eel Pond,S,N,J3,Y,B,,11,8.5,5,December,12/5/2022,70,4+,YB,16.62,13.05,7.54,,,4.55,,No growth marking measurement
9/26/2022,Eel Pond,S,N,J3,B,L,,11.5,8.5,4.6,December,12/5/2022,70,4+,BL,17.5,13.05,7,,,4.55,,No growth marking measurement
9/27/2022,Ptown,N,N,A2,R,,,13.83,10.86,5.92,December,12/4/2022,68,4+,R,24.1,19.3,11.2,,,,,
9/27/2022,Ptown,N,N,A2,Y,,,12.84,9.74,5.31,December,12/4/2022,68,,,,,,,,,,
9/27/2022,Ptown,N,N,A2,B,,,11.78,9.45,5.25,December,12/4/2022,68,,,,,,,,,,
9/27/2022,Ptown,N,N,A2,L,,,11.25,8.13,4.55,December,12/4/2022,68,,,,,,,,,,
9/27/2022,Ptown,N,N,A2,R,Y,,10.27,8.11,4.61,December,12/4/2022,68,,,,,,,,,,
9/27/2022,Ptown,N,N,A2,R,B,,9.95,7.61,4.13,December,12/4/2022,68,,,,,,,,,,
9/27/2022,Ptown,N,N,A2,R,L,,10.11,7.9,4.46,December,12/4/2022,68,,,,,,,,,,
9/27/2022,Ptown,N,N,A2,Y,B,,9.67,7.51,4.16,December,12/4/2022,68,,,,,,,,,,
9/27/2022,Ptown,N,N,A2,B,L,,8.94,7.11,3.91,December,12/4/2022,68,,,,,,,,,,
9/27/2022,Ptown,N,N,A2,,,,10.60125,8.195,4.5475,December,12/4/2022,68,4+,NO LABEL,21.6,17.1,10,,,,,
9/27/2022,Ptown,N,,A3,R,,,13.44,10.63,5.68,,,,,,,,,,,,,
9/27/2022,Ptown,N,,A3,Y,,,12.54,9.29,5.01,,,,,,,,,,,,,
9/27/2022,Ptown,N,,A3,B,,,11.81,9.32,5.02,,,,,,,,,,,,,
9/27/2022,Ptown,N,,A3,L,,,11.11,8.64,4.62,,,,,,,,,,,,,
9/27/2022,Ptown,N,,A3,R,Y,,10.46,8.12,4.44,,,,,,,,,,,,,
9/27/2022,Ptown,N,,A3,R,B,,9.9,7.37,3.93,,,,,,,,,,,,,
9/27/2022,Ptown,N,,A3,R,L,,9.92,7.56,4.13,,,,,,,,,,,,,
9/27/2022,Ptown,N,,A3,Y,B,,9.81,7.56,4.33,,,,,,,,,,,,,
9/27/2022,Ptown,N,,A3,B,L,,8.87,6.71,3.57,,,,,,,,,,,,,
9/27/2022,Ptown,N,,A4,R,,,14.36,10.95,5.86,,,,,,,,,,,,,
9/27/2022,Ptown,N,,A4,Y,,,11.99,9.6,5.16,,,,,,,,,,,,,
9/27/2022,Ptown,N,,A4,B,,,11.44,9.17,5.2,,,,,,,,,,,,,
9/27/2022,Ptown,N,,A4,L,,,11.94,9.45,4.91,,,,,,,,,,,,,
9/27/2022,Ptown,N,,A4,R,Y,,10.58,8.3,4.65,,,,,,,,,,,,,
9/27/2022,Ptown,N,,A4,R,B,,9.84,7.19,3.97,,,,,,,,,,,,,
9/27/2022,Ptown,N,,A4,R,L,,10.04,7.45,4.12,,,,,,,,,,,,,
9/27/2022,Ptown,N,,A4,Y,B,,9.93,7.74,4.2,,,,,,,,,,,,,
9/27/2022,Ptown,N,,A4,B,L,,8.95,6.98,3.75,,,,,,,,,,,,,
9/27/2022,Ptown,S,,B1,R,,,14.1,10.74,6.36,,,,,,,,,,,,,
9/27/2022,Ptown,S,,B1,Y,,,11.84,9.26,5.08,,,,,,,,,,,,,
9/27/2022,Ptown,S,,B1,B,,,11.53,8.87,4.89,,,,,,,,,,,,,
9/27/2022,Ptown,S,,B1,L,,,10.31,7.7,4.19,,,,,,,,,,,,,
9/27/2022,Ptown,S,,B1,R,Y,,9.59,7.78,4.06,,,,,,,,,,,,,
9/27/2022,Ptown,S,,B1,R,B,,10.3,7.67,4.62,,,,,,,,,,,,,
9/27/2022,Ptown,S,,B1,R,L,,10.68,8.36,4.53,,,,,,,,,,,,,
9/27/2022,Ptown,S,,B1,Y,B,,9.27,6.96,3.88,,,,,,,,,,,,,
9/27/2022,Ptown,S,,B1,B,L,,9.94,7.35,4.21,,,,,,,,,,,,,
9/27/2022,Ptown,S,,B2,R,,,14.24,10.87,6.32,,,,,,,,,,,,,
9/27/2022,Ptown,S,,B2,Y,,,12.83,9.87,5.58,,,,,,,,,,,,,
9/27/2022,Ptown,S,,B2,B,,,12.1,9.65,5.31,,,,,,,,,,,,,
9/27/2022,Ptown,S,,B2,L,,,11.15,8.92,4.71,,,,,,,,,,,,,
9/27/2022,Ptown,S,,B2,R,Y,,10.08,8.16,4.19,,,,,,,,,,,,,
9/27/2022,Ptown,S,,B2,R,B,,10.07,8.3,4.63,,,,,,,,,,,,,
9/27/2022,Ptown,S,,B2,R,L,,10.24,7.83,4.47,,,,,,,,,,,,,
9/27/2022,Ptown,S,,B2,Y,B,,9.69,7.44,4.03,,,,,,,,,,,,,
9/27/2022,Ptown,S,,B2,B,L,,9.69,7.72,4.41,,,,,,,,,,,,,
9/27/2022,Ptown,S,N,B3,R,,,13.98,10.89,6.01,December,12/4/2022,68,4+,R,26.2,19.9,11.4,,,9.01,0,
9/27/2022,Ptown,S,N,B3,Y,,,11.54,9.34,5.21,December,12/4/2022,68,0-4,Y,,,,,18.3,,,
9/27/2022,Ptown,S,N,B3,B,,,11.51,9.05,5,December,12/4/2022,68,,,,,,,,,,
9/27/2022,Ptown,S,N,B3,L,,,11.3,8.65,4.76,December,12/4/2022,68,,,,,,,,,,
9/27/2022,Ptown,S,N,B3,R,Y,,10.72,8.25,4.33,December,12/4/2022,68,,,,,,,,,,
9/27/2022,Ptown,S,N,B3,R,B,,9.28,7.42,4.27,December,12/4/2022,68,,,,,,,,,,
9/27/2022,Ptown,S,N,B3,R,L,,10.24,7.85,4.36,December,12/4/2022,68,,,,,,,,,,
9/27/2022,Ptown,S,N,B3,Y,B,,9.88,7.43,4,December,12/4/2022,68,,,,,,,,,,
9/27/2022,Ptown,S,N,B3,B,L,,8.76,6.98,3.67,December,12/4/2022,68,0-4,BL,20.9,16.8,8.6,,,9.82,0,
9/27/2022,Ptown,S,N,B3,,,,10.48833333,8.108333333,4.453333333,December,12/4/2022,68,0-4,NO LABEL,21.4,16.7,9.5,,,8.591666667,0,
9/27/2022,Ptown,N,,C1,R,,,14.83,11.37,6.51,,,,,,,,,,,,,
9/27/2022,Ptown,N,,C1,Y,,,12.45,10.03,5.53,,,,,,,,,,,,,
9/27/2022,Ptown,N,,C1,B,,,11.69,9.43,5.35,,,,,,,,,,,,,
9/27/2022,Ptown,N,,C1,L,,,10.63,8.29,4.49,,,,,,,,,,,,,
9/27/2022,Ptown,N,,C1,R,Y,,11.09,8.65,4.68,,,,,,,,,,,,,
9/27/2022,Ptown,N,,C1,R,B,,11.56,9.07,5.01,,,,,,,,,,,,,
9/27/2022,Ptown,N,,C1,R,L,,10.11,7.89,4.18,,,,,,,,,,,,,
9/27/2022,Ptown,N,,C1,Y,B,,8.96,6.68,3.86,,,,,,,,,,,,,
9/27/2022,Ptown,N,,C1,B,L,,9.17,7.03,3.94,,,,,,,,,,,,,
9/27/2022,Ptown,N,,C2,R,,,13.39,10.71,5.8,,,,,,,,,,,,,
9/27/2022,Ptown,N,,C2,Y,,,11.96,9.4,5.28,,,,,,,,,,,,,
9/27/2022,Ptown,N,,C2,B,,,11.46,9.09,4.88,,,,,,,,,,,,,
9/27/2022,Ptown,N,,C2,L,,,11.61,9.26,4.87,,,,,,,,,,,,,
9/27/2022,Ptown,N,,C2,R,Y,,10.86,8.33,4.51,,,,,,,,,,,,,
9/27/2022,Ptown,N,,C2,R,B,,9.94,7.84,4.35,,,,,,,,,,,,,
9/27/2022,Ptown,N,,C2,R,L,,10.27,7.87,4.55,,,,,,,,,,,,,
9/27/2022,Ptown,N,,C2,Y,B,,9.54,7.16,4.12,,,,,,,,,,,,,
9/27/2022,Ptown,N,,C2,B,L,,8.86,6.62,3.59,,,,,,,,,,,,,
9/27/2022,Ptown,N,N,C3,R,,,12.94,10.08,5.54,December,12/4/2022,68,0-4,R,,,,,24.6,,,
9/27/2022,Ptown,N,N,C3,Y,,,11.89,9.39,5.1,December,12/4/2022,68,4+,Y,,,,,22.1,,,
9/27/2022,Ptown,N,N,C3,B,,,11.93,9.64,5.22,December,12/4/2022,68,4+,B,21.9,18,10.1,,,8.36,0,
9/27/2022,Ptown,N,N,C3,L,,,11.02,8.93,4.74,December,12/4/2022,68,,,,,,,,,,
9/27/2022,Ptown,N,N,C3,R,Y,,10.45,8.32,4.47,December,12/4/2022,68,0-4,YR,22.5,17.7,19.6,,,9.38,0,
9/27/2022,Ptown,N,N,C3,R,B,,10.32,7.91,4.26,December,12/4/2022,68,4+,RB,23.2,18.4,10.5,,,10.49,0,
9/27/2022,Ptown,N,N,C3,R,L,,10.12,7.29,4.29,December,12/4/2022,68,0-4,RL,21.4,16.7,8.8,,,9.41,0,
9/27/2022,Ptown,N,N,C3,Y,B,,9.75,7.89,4.52,December,12/4/2022,68,0-4,BY,20.4,15.7,8.7,,,7.81,0,
9/27/2022,Ptown,N,N,C3,B,L,,8.98,6.58,3.76,December,12/4/2022,68,4+,BL,20,15.9,8.8,,,9.32,0,
9/27/2022,Ptown,N,N,C3,,,,10.82222222,8.447777778,4.655555556,December,12/4/2022,68,0-4,NO LABEL,22.5,17.5,9.6,,,9.052222222,0,
9/27/2022,Ptown,N,N,C3,,,,10.82222222,8.447777778,4.655555556,December,12/4/2022,68,4+,BL,,,,,18.3,,,DUPLICATE LABEL
9/27/2022,Ptown,S,N,D2,R,,,12.98,10.02,5.44,December,12/4/2022,68,0-4,R,22.5,17.9,,8.3,,7.88,1.053299492,LOOKS LIKE RED AND SOME MISSING NAIL POLISH COLOR BUT POSSIBLE JUST RED
9/27/2022,Ptown,S,N,D2,Y,,,12.69,9.99,5.28,December,12/4/2022,68,0-4,Y,20.3,18.6,10.1,,,8.61,0,
9/27/2022,Ptown,S,N,D2,B,,,11.8,8.91,5.32,December,12/4/2022,68,,,,,,,,,,
9/27/2022,Ptown,S,N,D2,L,,,11.51,8.68,4.49,December,12/4/2022,68,0-4,L,24.3,19,9.9,,,10.32,0,
9/27/2022,Ptown,S,N,D2,R,Y,,11.38,8.58,4.67,December,12/4/2022,68,,,,,,,,,,
9/27/2022,Ptown,S,N,D2,R,B,,9.95,7.89,4.41,December,12/4/2022,68,,,,,,,,,,
9/27/2022,Ptown,S,N,D2,R,L,,10.02,7.71,4.35,December,12/4/2022,68,,,,,,,,,,
9/27/2022,Ptown,S,N,D2,Y,B,,9.48,7.33,3.82,December,12/4/2022,68,0-4,BY,19.7,15.8,8.4,7.5,,8.47,0.885478158,
9/27/2022,Ptown,S,N,D2,B,L,,9.47,7.31,3.96,December,12/4/2022,68,0-4,BL,18.5,14.9,8.2,7.5,,7.59,0.988142292,
9/27/2022,Ptown,S,N,D2,,,,11.03111111,8.491111111,4.637777778,December,12/4/2022,68,0-4,NO LABEL,31.1,24,10.7,9.9,,15.50888889,0.638343602,"LARGER THAN MANY AND NO LABEL, BUT GROWTH MARKING PRESENT"
9/27/2022,Ptown,S,N,D2,,,,11.03111111,8.491111111,4.637777778,December,12/4/2022,68,4+,NO LABEL,,,,9,13.8,,,
9/27/2022,Ptown,S,,D3,R,,,12.87,10.06,5.42,,,,,,,,,,,,,
9/27/2022,Ptown,S,,D3,Y,,,12.03,9.12,5.21,,,,,,,,,,,,,
9/27/2022,Ptown,S,,D3,B,,,10.88,8.9,5.05,,,,,,,,,,,,,
9/27/2022,Ptown,S,,D3,L,,,10.83,8.44,4.7,,,,,,,,,,,,,
9/27/2022,Ptown,S,,D3,R,Y,,11.31,8.68,4.53,,,,,,,,,,,,,
9/27/2022,Ptown,S,,D3,R,B,,10.55,8.03,4.49,,,,,,,,,,,,,
9/27/2022,Ptown,S,,D3,R,L,,9.92,7.66,4.35,,,,,,,,,,,,,
9/27/2022,Ptown,S,,D3,Y,B,,10.05,7.43,3.97,,,,,,,,,,,,,
9/27/2022,Ptown,S,,D3,B,L,,9.29,6.95,3.86,,,,,,,,,,,,,
9/27/2022,Ptown,S,,D4,R,,,13.17,10.14,5.68,,,,,,,,,,,,,
9/27/2022,Ptown,S,,D4,Y,,,11.8,9.24,5.29,,,,,,,,,,,,,
9/27/2022,Ptown,S,,D4,B,,,10.88,8.41,4.51,,,,,,,,,,,,,
9/27/2022,Ptown,S,,D4,L,,,10.46,8.13,4.62,,,,,,,,,,,,,
9/27/2022,Ptown,S,,D4,R,Y,,10.23,7.71,4.39,,,,,,,,,,,,,
9/27/2022,Ptown,S,,D4,R,B,,11.18,9.06,5.09,,,,,,,,,,,,,
9/27/2022,Ptown,S,,D4,R,L,,9.8,7.95,4.6,,,,,,,,,,,,,
9/27/2022,Ptown,S,,D4,Y,B,,9.49,7.72,4.21,,,,,,,,,,,,,
9/27/2022,Ptown,S,,D4,B,L,,8.3,6.21,3.44,,,,,,,,,,,,,
9/27/2022,Ptown,S,N,E2,R,,,12.15,9.3,5.43,December,12/4/2022,68,0-4,R,23.1,17.8,10.2,9.6,,8.5,1.129411765,
9/27/2022,Ptown,S,N,E2,Y,,,10.41,8.17,4.43,December,12/4/2022,68,4+,Y,20.4,16.4,8.9,8.5,,8.23,1.032806804,
9/27/2022,Ptown,S,N,E2,B,,,11.23,8.52,4.62,December,12/4/2022,68,0-4,B,20.5,17.3,9.6,8.9,,8.78,1.013667426,
9/27/2022,Ptown,S,N,E2,L,,,10.94,8.81,4.79,December,12/4/2022,68,,,,,,,,,,
9/27/2022,Ptown,S,N,E2,R,Y,,10.96,8.03,4.31,December,12/4/2022,68,,,,,,,,,,
9/27/2022,Ptown,S,N,E2,R,B,,11.12,8.4,4.62,December,12/4/2022,68,,,,,,,,,,
9/27/2022,Ptown,S,N,E2,R,L,,8.63,6.65,3.62,December,12/4/2022,68,,,,,,,,,,
9/27/2022,Ptown,S,N,E2,Y,B,,9.69,7.41,4.14,December,12/4/2022,68,,,,,,,,,,
9/27/2022,Ptown,S,N,E2,B,L,,9.33,7.36,4.08,December,12/4/2022,68,,,,,,,,,,
9/27/2022,Ptown,S,N,E2,,,,10.11166667,7.776666667,4.26,December,12/4/2022,68,0-4,NO LABEL,22.5,17.4,9.6,8.7,,9.623333333,0.90405265,
9/27/2022,Ptown,S,N,E2,,,,10.11166667,7.776666667,4.26,December,12/4/2022,68,0-4,NO LABEL,21.6,16.9,9.1,9.7,,9.123333333,1.063207892,
9/27/2022,Ptown,S,N,E2,,,,10.11166667,7.776666667,4.26,December,12/4/2022,68,0-4,NO LABEL,19.8,15.6,8.6,7.5,,7.823333333,0.958670643,
9/27/2022,Ptown,S,N,E2,,,,10.11166667,7.776666667,4.26,December,12/4/2022,68,4+,NO LABEL,17.3,14.7,7.9,6.7,,6.923333333,0.967741935,
9/27/2022,Ptown,S,N,E2,,,,10.11166667,7.776666667,4.26,December,12/4/2022,68,4+,YX,,,,,,,,"MISSING A COLOR, CHIPPED SO BAD LENGTH MEASUREMENT, HEIGHT 8.7, LENGTH >9.5"
9/27/2022,Ptown,S,,E3,R,,,12.31,9.63,5.22,,,,,,,,,,,,,
9/27/2022,Ptown,S,,E3,Y,,,11.26,8.93,4.78,,,,,,,,,,,,,
9/27/2022,Ptown,S,,E3,B,,,10.86,8.57,4.7,,,,,,,,,,,,,
9/27/2022,Ptown,S,,E3,L,,,10.47,8.09,4.59,,,,,,,,,,,,,
9/27/2022,Ptown,S,,E3,R,Y,,9.16,6.71,3.8,,,,,,,,,,,,,
9/27/2022,Ptown,S,,E3,R,B,,9.49,6.77,3.45,,,,,,,,,,,,,
9/27/2022,Ptown,S,,E3,R,L,,9.58,7.35,4.12,,,,,,,,,,,,,
9/27/2022,Ptown,S,,E3,Y,B,,9.97,7.71,4.09,,,,,,,,,,,,,
9/27/2022,Ptown,S,,E3,B,L,,9.3,6.89,3.79,,,,,,,,,,,,,
9/27/2022,Ptown,S,,E4,R,,,12.13,9.78,5.36,,,,,,,,,,,,,
9/27/2022,Ptown,S,,E4,Y,,,10.83,8.51,4.74,,,,,,,,,,,,,
9/27/2022,Ptown,S,,E4,B,,,10.52,8.14,4.48,,,,,,,,,,,,,
9/27/2022,Ptown,S,,E4,L,,,9.94,7.84,4.42,,,,,,,,,,,,,
9/27/2022,Ptown,S,,E4,R,Y,,10.88,8.39,4.33,,,,,,,,,,,,,
9/27/2022,Ptown,S,,E4,R,B,,10,8.08,4.46,,,,,,,,,,,,,
9/27/2022,Ptown,S,,E4,R,L,,8.77,6.71,3.49,,,,,,,,,,,,,
9/27/2022,Ptown,S,,E4,Y,B,,9.03,7.27,3.92,,,,,,,,,,,,,
9/27/2022,Ptown,S,,E4,B,L,,8.6,6.59,3.67,,,,,,,,,,,,,
9/27/2022,Ptown,S,,F1,R,,,15.2,11.7,6.9,,,,,,,,,,,,,
9/27/2022,Ptown,S,,F1,Y,,,16.1,13.5,8.5,,,,,,,,,,,,,
9/27/2022,Ptown,S,,F1,B,,,11.6,9.2,5.5,,,,,,,,,,,,,
9/27/2022,Ptown,S,,F1,L,,,9.4,7.7,4.5,,,,,,,,,,,,,
9/27/2022,Ptown,S,,F1,R,Y,,10.5,8,4.7,,,,,,,,,,,,,
9/27/2022,Ptown,S,,F1,R,B,,10.8,8.7,4.6,,,,,,,,,,,,,
9/27/2022,Ptown,S,,F1,R,L,,9.2,7.1,4,,,,,,,,,,,,,
9/27/2022,Ptown,S,,F1,Y,B,,9.7,7.5,4,,,,,,,,,,,,,
9/27/2022,Ptown,S,,F1,B,L,,9.3,7.2,3.8,,,,,,,,,,,,,
9/27/2022,Ptown,S,,F2,R,,,14.3,11.4,7,,,,,,,,,,,,,
9/27/2022,Ptown,S,,F2,Y,,,12.1,9.3,5.1,,,,,,,,,,,,,
9/27/2022,Ptown,S,,F2,B,,,11.7,9.2,5.3,,,,,,,,,,,,,
9/27/2022,Ptown,S,,F2,L,,,11.5,9.2,5.1,,,,,,,,,,,,,
9/27/2022,Ptown,S,,F2,R,Y,,11.5,8.9,5.2,,,,,,,,,,,,,
9/27/2022,Ptown,S,,F2,R,B,,11.1,8.2,4.6,,,,,,,,,,,,,
9/27/2022,Ptown,S,,F2,R,L,,11.3,8.5,4.8,,,,,,,,,,,,,
9/27/2022,Ptown,S,,F2,Y,B,,9.8,7.6,4.2,,,,,,,,,,,,,
9/27/2022,Ptown,S,,F2,B,L,,9.7,7.5,4.3,,,,,,,,,,,,,
9/27/2022,Ptown,S,N,F3,R,,,14.3,10.8,6,December,12/4/2022,68,0-4,R,24.7,19.2,11,10.9,,8.4,1.297619048,
9/27/2022,Ptown,S,N,F3,Y,,,12.1,9.5,5.1,December,12/4/2022,68,0-4,Y,22.2,17.2,9.6,9.6,,7.7,1.246753247,
9/27/2022,Ptown,S,N,F3,B,,,12.2,9.2,5.3,December,12/4/2022,68,,,,,,,,,,
9/27/2022,Ptown,S,N,F3,L,,,11.3,8.5,4.8,December,12/4/2022,68,,,,,,,,,,
9/27/2022,Ptown,S,N,F3,R,Y,,11,8.7,4.6,December,12/4/2022,68,0-4,RY,,,,,22.6,,,
9/27/2022,Ptown,S,N,F3,R,B,,11.7,8.5,4.7,December,12/4/2022,68,0-4,RB,24,18,9.6,8.5,,9.5,0.894736842,
9/27/2022,Ptown,S,N,F3,R,L,,10.4,8.4,4.5,December,12/4/2022,68,0-4,RL,20.5,16.4,9.1,8.6,,8,1.075,
9/27/2022,Ptown,S,N,F3,Y,B,,10,7.8,4.2,December,12/4/2022,68,0-4,BY,22.6,17.2,9.4,7.8,,9.4,0.829787234,
9/27/2022,Ptown,S,N,F3,B,L,,8.9,7.1,4.3,December,12/4/2022,68,0-4,BL,19.9,15.6,8.5,7.2,,8.5,0.847058824,
9/27/2022,Ptown,S,N,F3,,,,11.32222222,8.722222222,4.833333333,December,12/4/2022,68,0-4,NO LABEL,20.9,16.3,9.5,8.7,,7.577777778,1.148093842,
9/27/2022,Ptown,S,N,F3,,,,11.32222222,8.722222222,4.833333333,December,12/4/2022,68,4+,NO LABEL,21.3,16.6,19.3,9.1,,7.877777778,1.155148096,"DARKENED YELLOWISH AREA, MAKES ME THINK YELLOW NAILPOLISH"
9/27/2022,Ptown,N,N,G2,R,,,14,10.3,6.4,December,12/4/2022,68,4+,R,,,,10.4,10.4,,,
9/27/2022,Ptown,N,N,G2,Y,,,13.3,10.2,5.7,December,12/4/2022,68,4+,Y,24.5,18.9,10.8,10.4,,8.7,1.195402299,
9/27/2022,Ptown,N,N,G2,B,,,11.9,9.4,6.1,December,12/4/2022,68,4+,B,23.1,18.4,10.3,9.2,,9,1.022222222,
9/27/2022,Ptown,N,N,G2,L,,,11.4,8.9,4.8,December,12/4/2022,68,0-4,L,23.2,18.3,9.7,9.3,,9.4,0.989361702,
9/27/2022,Ptown,N,N,G2,R,Y,,11.2,8.6,4.7,December,12/4/2022,68,0-4,RY,23.5,18.2,10.2,9,,9.6,0.9375,
9/27/2022,Ptown,N,N,G2,R,B,,10.7,8.5,4.7,December,12/4/2022,68,4+,BR,,,,8.6,16.4,,,
9/27/2022,Ptown,N,N,G2,R,L,,10.8,8.4,4.7,December,12/4/2022,68,0-4,LR,21.3,16.8,9.2,8.4,,8.4,1,
9/27/2022,Ptown,N,N,G2,Y,B,,10.3,7.7,4.3,December,12/4/2022,68,,,,,,,,,,
9/27/2022,Ptown,N,N,G2,B,L,,9.8,7.6,4.3,December,12/4/2022,68,0-4,BL,22.5,17.2,9.2,7.6,,9.6,0.791666667,
9/27/2022,Ptown,N,N,G2,,,,10.3,7.7,4.3,December,12/4/2022,68,0-4,NO LABEL,,,,8.8,6.4,,,
9/27/2022,Ptown,N,,G3,R,,,13.9,10.6,6.1,,,,,,,,,,,,,
9/27/2022,Ptown,N,,G3,Y,,,14,10.6,6.3,,,,,,,,,,,,,
9/27/2022,Ptown,N,,G3,B,,,11.1,8.8,5,,,,,,,,,,,,,
9/27/2022,Ptown,N,,G3,L,,,11.5,8.8,4.7,,,,,,,,,,,,,
9/27/2022,Ptown,N,,G3,R,Y,,10,7.9,4.5,,,,,,,,,,,,,
9/27/2022,Ptown,N,,G3,R,B,,11.5,9.1,4.8,,,,,,,,,,,,,
9/27/2022,Ptown,N,,G3,R,L,,10.8,8.6,4.9,,,,,,,,,,,,,
9/27/2022,Ptown,N,,G3,Y,B,,9.9,8.1,4.3,,,,,,,,,,,,,
9/27/2022,Ptown,N,,G3,B,L,,9.8,7.3,3.9,,,,,,,,,,,,,
9/27/2022,Ptown,N,,G4,R,,,13.9,10.5,6,,,,,,,,,,,,,
9/27/2022,Ptown,N,,G4,Y,,,14,10.7,6.1,,,,,,,,,,,,,
9/27/2022,Ptown,N,,G4,B,,,11.2,9.3,5,,,,,,,,,,,,,
9/27/2022,Ptown,N,,G4,L,,,11.5,8.9,4.9,,,,,,,,,,,,,
9/27/2022,Ptown,N,,G4,R,Y,,11,8.3,4.9,,,,,,,,,,,,,
9/27/2022,Ptown,N,,G4,R,B,,10.6,8,4.5,,,,,,,,,,,,,
9/27/2022,Ptown,N,,G4,R,L,,10.3,8.1,4.6,,,,,,,,,,,,,
9/27/2022,Ptown,N,,G4,Y,B,,9.8,7.7,4.3,,,,,,,,,,,,,
9/27/2022,Ptown,N,,G4,B,L,,9,6.9,3.7,,,,,,,,,,,,,
9/27/2022,Ptown,N,N,H2,R,,,14.6,11.2,6.6,December,12/4/2022,68,0-4,R,25.2,19.7,11.7,11.2,,8.5,1.317647059,
9/27/2022,Ptown,N,N,H2,Y,,,13.1,9.9,5.5,December,12/4/2022,68,0-4,Y,25,19.2,10.8,9.9,,9.3,1.064516129,
9/27/2022,Ptown,N,N,H2,B,,,11.3,9.1,5.2,December,12/4/2022,68,,,,,,,,,,
9/27/2022,Ptown,N,N,H2,L,,,11.4,8.8,5.5,December,12/4/2022,68,0-4,L,24.7,19.6,10.5,9,,10.8,0.833333333,
9/27/2022,Ptown,N,N,H2,R,Y,,11.5,9.1,5.3,December,12/4/2022,68,,,,,,,,,,
9/27/2022,Ptown,N,N,H2,R,B,,10,8,4.5,December,12/4/2022,68,0-4,RB,20.8,15.1,8.5,8.3,,7.1,1.169014085,
9/27/2022,Ptown,N,N,H2,R,L,,9.9,7.7,4.2,December,12/4/2022,68,0-4,RL,22.2,16.9,9.1,7.6,,9.2,0.826086957,
9/27/2022,Ptown,N,N,H2,Y,B,,10.2,8,4.7,December,12/4/2022,68,0-4,BY,21.8,16.9,9.1,8.2,,8.9,0.921348315,
9/27/2022,Ptown,N,N,H2,B,L,,8.7,6.7,3.7,December,12/4/2022,68,0-4,BL,21.4,16.2,8.5,7,,9.5,0.736842105,
9/27/2022,Ptown,N,N,H2,,,,11.18888889,8.722222222,5.022222222,December,12/4/2022,68,0-4,NO LABEL,20.3,16.6,10,11.1,,7.877777778,1.409026798,
9/27/2022,Ptown,N,N,H2,,,,11.5,9.1,5.3,December,12/4/2022,68,0-4,R,22.8,18.1,10.6,9.5,,9,1.055555556,Repeat R. Process of elimination RY
9/27/2022,Ptown,N,,H3,R,,,12.1,9.7,6,,,,,,,,,,,,,
9/27/2022,Ptown,N,,H3,Y,,,12,9.5,5.4,,,,,,,,,,,,,
9/27/2022,Ptown,N,,H3,B,,,11.6,9.2,5,,,,,,,,,,,,,
9/27/2022,Ptown,N,,H3,L,,,12,9.7,5.4,,,,,,,,,,,,,
9/27/2022,Ptown,N,,H3,R,Y,,10.6,8.3,4.7,,,,,,,,,,,,,
9/27/2022,Ptown,N,,H3,R,B,,10.8,8.5,4.5,,,,,,,,,,,,,
9/27/2022,Ptown,N,,H3,R,L,,10.3,8.2,4.4,,,,,,,,,,,,,
9/27/2022,Ptown,N,,H3,Y,B,,9.1,7.2,4.2,,,,,,,,,,,,,
9/27/2022,Ptown,N,,H3,B,L,,9.5,7.5,4.1,,,,,,,,,,,,,
9/27/2022,Ptown,N,,H4,R,,,12.7,9.7,5.5,,,,,,,,,,,,,
9/27/2022,Ptown,N,,H4,Y,,,12.3,9.8,5.7,,,,,,,,,,,,,
9/27/2022,Ptown,N,,H4,B,,,11.4,8.9,4.8,,,,,,,,,,,,,
9/27/2022,Ptown,N,,H4,L,,,11.5,9.1,4.9,,,,,,,,,,,,,
9/27/2022,Ptown,N,,H4,R,Y,,10.5,8.3,4.5,,,,,,,,,,,,,
9/27/2022,Ptown,N,,H4,R,B,,11.1,8.5,4.6,,,,,,,,,,,,,
9/27/2022,Ptown,N,,H4,R,L,,11.2,9,4.8,,,,,,,,,,,,,
9/27/2022,Ptown,N,,H4,Y,B,,10.2,7.7,4.3,,,,,,,,,,,,,
9/27/2022,Ptown,N,,H4,B,L,,9.1,7.2,3.8,,,,,,,,,,,,,
9/27/2022,Ptown,S,,I2,R,,,12.5,9.6,5.6,,,,,,,,,,,,,
9/27/2022,Ptown,S,,I2,Y,,,12,9.4,5.7,,,,,,,,,,,,,
9/27/2022,Ptown,S,,I2,B,,,11.7,9.3,4.9,,,,,,,,,,,,,
9/27/2022,Ptown,S,,I2,L,,,11.4,8.9,4.8,,,,,,,,,,,,,
9/27/2022,Ptown,S,,I2,R,Y,,11.5,9.1,5.2,,,,,,,,,,,,,
9/27/2022,Ptown,S,,I2,R,B,,10.8,8.4,4.5,,,,,,,,,,,,,
9/27/2022,Ptown,S,,I2,R,L,,11,8.8,4.9,,,,,,,,,,,,,
9/27/2022,Ptown,S,,I2,Y,B,,11.3,8.6,4.8,,,,,,,,,,,,,
9/27/2022,Ptown,S,,I2,B,L,,9,7.2,4.2,,,,,,,,,,,,,
9/27/2022,Ptown,S,,I3,R,,,13.3,10.4,5.7,,,,,,,,,,,,,
9/27/2022,Ptown,S,,I3,Y,,,11.5,8.9,4.9,,,,,,,,,,,,,
9/27/2022,Ptown,S,,I3,B,,,12.4,9.5,5.2,,,,,,,,,,,,,
9/27/2022,Ptown,S,,I3,L,,,10.3,8.1,4.2,,,,,,,,,,,,,
9/27/2022,Ptown,S,,I3,R,Y,,10.2,8.1,4.5,,,,,,,,,,,,,
9/27/2022,Ptown,S,,I3,R,B,,10.4,8.1,4.4,,,,,,,,,,,,,
9/27/2022,Ptown,S,,I3,R,L,,11.1,9.1,5.1,,,,,,,,,,,,,
9/27/2022,Ptown,S,,I3,Y,B,,9.6,7.6,4.1,,,,,,,,,,,,,
9/27/2022,Ptown,S,,I3,B,L,,9.8,7.5,4.1,,,,,,,,,,,,,
9/27/2022,Ptown,S,N,I4,R,,,14.7,11.5,6.9,December,12/4/2022,68,4+,R,25.44,19.39,11.48,11.33,,7.89,1.43599493,
9/27/2022,Ptown,S,N,I4,Y,,,11.3,8.8,5.1,December,12/4/2022,68,4+,Y,23.74,19.04,10.79,8.5,,10.24,0.830078125,
9/27/2022,Ptown,S,N,I4,B,,,11.2,8.8,4.8,December,12/4/2022,68,4+,B,21.6,17.29,9.34,8.63,,8.49,1.016489988,
9/27/2022,Ptown,S,N,I4,L,,,10.8,8.7,5.2,December,12/4/2022,68,4+,L,21.08,17.23,9.52,8.16,,8.53,0.956623681,
9/27/2022,Ptown,S,N,I4,R,Y,,10.8,8.3,4.7,December,12/4/2022,68,4+,RY,21.92,16.56,9.18,8.19,,8.26,0.991525424,I HAS AN EXTRA 10TH CLAM THAT HAS NO INITIAL GROWTH MARKING
9/27/2022,Ptown,S,N,I4,R,B,,10.6,8.7,5,December,12/4/2022,68,4+,RB,23.03,18.33,10.21,8.62,,9.63,0.895119418,
9/27/2022,Ptown,S,N,I4,R,L,,10.2,8.1,4.6,December,12/4/2022,68,4+,RL,19.14,15.12,8.97,8.08,,7.02,1.150997151,
9/27/2022,Ptown,S,N,I4,Y,B,,10.3,7.8,4.1,December,12/4/2022,68,4+,YB,19.31,15.31,8.33,7.69,,7.51,1.023968043,
9/27/2022,Ptown,S,N,I4,B,L,,9.4,7.3,4.1,December,12/4/2022,68,4+,BL,19.95,15.85,8.55,7.75,,8.55,0.906432749,
9/27/2022,Ptown,N,,J1,R,,,13.7,10.7,6.1,,,,,,,,,,,,,
9/27/2022,Ptown,N,,J1,Y,,,11.9,9.2,5.3,,,,,,,,,,,,,
9/27/2022,Ptown,N,,J1,B,,,11.5,9.1,5.6,,,,,,,,,,,,,
9/27/2022,Ptown,N,,J1,L,,,11.7,9.2,5.2,,,,,,,,,,,,,
9/27/2022,Ptown,N,,J1,R,Y,,11.6,8.7,4.9,,,,,,,,,,,,,
9/27/2022,Ptown,N,,J1,R,B,,10.6,8.6,5.1,,,,,,,,,,,,,
9/27/2022,Ptown,N,,J1,R,L,,10.5,8.3,4.5,,,,,,,,,,,,,
9/27/2022,Ptown,N,,J1,Y,B,,9.8,7.5,4.2,,,,,,,,,,,,,
9/27/2022,Ptown,N,,J1,B,L,,9.5,7.2,4.1,,,,,,,,,,,,,
9/27/2022,Ptown,N,,J2,R,,,12.9,9.9,5.6,,,,,,,,,,,,,
9/27/2022,Ptown,N,,J2,Y,,,13.1,10.1,5.5,,,,,,,,,,,,,
9/27/2022,Ptown,N,,J2,B,,,12.1,9.2,4.9,,,,,,,,,,,,,
9/27/2022,Ptown,N,,J2,L,,,11.9,9.6,5.5,,,,,,,,,,,,,
9/27/2022,Ptown,N,,J2,R,Y,,11.4,8.5,4.5,,,,,,,,,,,,,
9/27/2022,Ptown,N,,J2,R,B,,10.3,8.2,4.5,,,,,,,,,,,,,
9/27/2022,Ptown,N,,J2,R,L,,9.9,8,4.4,,,,,,,,,,,,,
9/27/2022,Ptown,N,,J2,Y,B,,11.2,8.5,4.5,,,,,,,,,,,,,
9/27/2022,Ptown,N,,J2,B,L,,9.9,7.4,4,,,,,,,,,,,,,
9/27/2022,Ptown,N,N,J3,R,,,12.9,9.9,5.6,December,12/4/2022,68,R,,,,10.97,10.97,,,,"ALL DEAD, 7 SHELLS WHICH COULD BE 4 - 7 CLAMS, ALL SMALL AND HAVE ONLY 1 GROWTH MARKING SO MIGHT HAVE DIED RIGHT WHEN MOVED INTO CAGE (SHOULD HAVE SECOND MARKING). "
9/27/2022,Ptown,N,N,J3,Y,,,12.3,9.5,5.2,December,12/4/2022,68,,,,,,,,,,
9/27/2022,Ptown,N,N,J3,B,,,12.9,9.9,5.9,December,12/4/2022,68,,,,,,,,,,
9/27/2022,Ptown,N,N,J3,L,,,11.4,9.2,5.1,December,12/4/2022,68,,,,,,,,,,
9/27/2022,Ptown,N,N,J3,R,Y,,10.6,8.4,4.7,December,12/4/2022,68,,,,,,,,,,
9/27/2022,Ptown,N,N,J3,R,B,,9.8,7.7,4.4,December,12/4/2022,68,,,,,,,,,,
9/27/2022,Ptown,N,N,J3,R,L,,10.1,7.8,4.4,December,12/4/2022,68,,,,,,,,,,
9/27/2022,Ptown,N,N,J3,Y,B,,10.8,8.2,4.6,December,12/4/2022,68,,,,,,,,,,
9/27/2022,Ptown,N,N,J3,B,L,,8.8,6.9,3.9,December,12/4/2022,68,,,,,,,,,,
9/27/2022,Ptown,N,N,J3,,,,11.06666667,8.611111111,4.866666667,December,12/4/2022,68,NO LABEL,,,,,10.93,,,,
9/27/2022,Ptown,N,N,J3,,,,11.06666667,8.611111111,4.866666667,December,12/4/2022,68,NO LABEL,,,,,10.13,,,,
9/27/2022,Ptown,N,N,J3,,,,11.06666667,8.611111111,4.866666667,December,12/4/2022,68,NO LABEL,,,,,9.45,,,,
